{
  "status": "TIME_LIMIT",
  "objective": 2497.0,
  "assignment": [
    [
      0,
      11
    ],
    [
      1,
      20
    ],
    [
      2,
      26
    ],
    [
      3,
      18
    ],
    [
      4,
      5
    ],
    [
      5,
      22
    ],
    [
      6,
      15
    ],
    [
      7,
      7
    ],
    [
      8,
      8
    ],
    [
      9,
      6
    ],
    [
      10,
      21
    ],
    [
      11,
      25
    ],
    [
      12,
      9
    ],
    [
      13,
      1
    ],
    [
      14,
      27
    ],
    [
      15,
      12
    ],
    [
      16,
      23
    ],
    [
      17,
      13
    ],
    [
      18,
      17
    ],
    [
      19,
      0
    ],
    [
      20,
      28
    ],
    [
      21,
      14
    ],
    [
      22,
      2
    ],
    [
      23,
      16
    ],
    [
      24,
      24
    ],
    [
      25,
      3
    ],
    [
      26,
      4
    ],
    [
      27,
      10
    ],
    [
      28,
      29
    ],
    [
      29,
      19
    ]
  ],
  "runtime": 600.1395003795624,
  "gap": 0.062474969963956746
}