{
  "status": "TIME_LIMIT",
  "objective": 2998.0,
  "assignment": [
    [
      0,
      22
    ],
    [
      1,
      26
    ],
    [
      2,
      24
    ],
    [
      3,
      5
    ],
    [
      4,
      6
    ],
    [
      5,
      29
    ],
    [
      6,
      30
    ],
    [
      7,
      4
    ],
    [
      8,
      8
    ],
    [
      9,
      34
    ],
    [
      10,
      36
    ],
    [
      11,
      28
    ],
    [
      12,
      19
    ],
    [
      13,
      1
    ],
    [
      14,
      18
    ],
    [
      15,
      3
    ],
    [
      16,
      33
    ],
    [
      17,
      11
    ],
    [
      18,
      10
    ],
    [
      19,
      7
    ],
    [
      20,
      17
    ],
    [
      21,
      12
    ],
    [
      22,
      25
    ],
    [
      23,
      39
    ],
    [
      24,
      35
    ],
    [
      25,
      23
    ],
    [
      26,
      14
    ],
    [
      27,
      31
    ],
    [
      28,
      27
    ],
    [
      29,
      9
    ],
    [
      30,
      20
    ],
    [
      31,
      37
    ],
    [
      32,
      15
    ],
    [
      33,
      38
    ],
    [
      34,
      0
    ],
    [
      35,
      32
    ],
    [
      36,
      2
    ],
    [
      37,
      16
    ],
    [
      38,
      13
    ],
    [
      39,
      21
    ]
  ],
  "runtime": 300.4124734401703,
  "gap": 0.23649099399599732
}