{
  "status": "TIME_LIMIT",
  "objective": 3732.0,
  "assignment": [
    [
      0,
      12
    ],
    [
      1,
      30
    ],
    [
      2,
      2
    ],
    [
      3,
      31
    ],
    [
      4,
      36
    ],
    [
      5,
      13
    ],
    [
      6,
      6
    ],
    [
      7,
      39
    ],
    [
      8,
      1
    ],
    [
      9,
      29
    ],
    [
      10,
      16
    ],
    [
      11,
      25
    ],
    [
      12,
      37
    ],
    [
      13,
      24
    ],
    [
      14,
      15
    ],
    [
      15,
      8
    ],
    [
      16,
      11
    ],
    [
      17,
      17
    ],
    [
      18,
      38
    ],
    [
      19,
      18
    ],
    [
      20,
      35
    ],
    [
      21,
      10
    ],
    [
      22,
      7
    ],
    [
      23,
      32
    ],
    [
      24,
      23
    ],
    [
      25,
      19
    ],
    [
      26,
      27
    ],
    [
      27,
      26
    ],
    [
      28,
      34
    ],
    [
      29,
      5
    ],
    [
      30,
      20
    ],
    [
      31,
      28
    ],
    [
      32,
      14
    ],
    [
      33,
      22
    ],
    [
      34,
      33
    ],
    [
      35,
      21
    ],
    [
      36,
      4
    ],
    [
      37,
      9
    ],
    [
      38,
      0
    ],
    [
      39,
      3
    ]
  ],
  "runtime": 300.1622655391693,
  "gap": 0.0021436227224008574
}