{
  "n": 50,
  "seed": 6,
  "num_conflicts": 24990,
  "E0_objective": 0,
  "heuristic": "lagrangean_repair",
  "subgradient_LB": 4649.0,
  "subgradient_UB": 1.8137953765090914e+24,
  "subgradient_iterations": 100,
  "subgradient_runtime": 2.423654556274414,
  "heuristic_name": "lagrangean_repair",
  "heuristic_output": {
    "ordering_variants": {
      "dec_weight": {
        "ordering": "dec_weight",
        "ordering_label": "Decreasing weight",
        "objective": 4530.0,
        "feasible": true,
        "runtime_seconds": 0.01484060287475586,
        "core_size": 42,
        "assignment": [
          [
            0,
            2
          ],
          [
            1,
            36
          ],
          [
            2,
            26
          ],
          [
            3,
            23
          ],
          [
            4,
            48
          ],
          [
            5,
            10
          ],
          [
            6,
            16
          ],
          [
            7,
            20
          ],
          [
            8,
            41
          ],
          [
            9,
            21
          ],
          [
            10,
            15
          ],
          [
            11,
            12
          ],
          [
            12,
            46
          ],
          [
            13,
            38
          ],
          [
            14,
            31
          ],
          [
            15,
            11
          ],
          [
            16,
            8
          ],
          [
            17,
            5
          ],
          [
            18,
            43
          ],
          [
            19,
            18
          ],
          [
            20,
            7
          ],
          [
            21,
            0
          ],
          [
            22,
            40
          ],
          [
            23,
            44
          ],
          [
            24,
            6
          ],
          [
            25,
            19
          ],
          [
            26,
            17
          ],
          [
            27,
            37
          ],
          [
            28,
            14
          ],
          [
            29,
            13
          ],
          [
            30,
            29
          ],
          [
            31,
            32
          ],
          [
            32,
            1
          ],
          [
            33,
            33
          ],
          [
            34,
            34
          ],
          [
            35,
            39
          ],
          [
            36,
            47
          ],
          [
            37,
            22
          ],
          [
            38,
            9
          ],
          [
            39,
            45
          ],
          [
            40,
            27
          ],
          [
            41,
            25
          ],
          [
            42,
            35
          ],
          [
            43,
            24
          ],
          [
            44,
            28
          ],
          [
            45,
            4
          ],
          [
            46,
            3
          ],
          [
            47,
            30
          ],
          [
            48,
            49
          ],
          [
            49,
            42
          ]
        ]
      },
      "inc_weight": {
        "ordering": "inc_weight",
        "ordering_label": "Increasing weight",
        "objective": 4624.0,
        "feasible": true,
        "runtime_seconds": 0.01616835594177246,
        "core_size": 42,
        "assignment": [
          [
            0,
            2
          ],
          [
            1,
            36
          ],
          [
            2,
            27
          ],
          [
            3,
            3
          ],
          [
            4,
            48
          ],
          [
            5,
            10
          ],
          [
            6,
            16
          ],
          [
            7,
            20
          ],
          [
            8,
            41
          ],
          [
            9,
            21
          ],
          [
            10,
            15
          ],
          [
            11,
            8
          ],
          [
            12,
            45
          ],
          [
            13,
            38
          ],
          [
            14,
            31
          ],
          [
            15,
            11
          ],
          [
            16,
            29
          ],
          [
            17,
            5
          ],
          [
            18,
            43
          ],
          [
            19,
            18
          ],
          [
            20,
            7
          ],
          [
            21,
            0
          ],
          [
            22,
            40
          ],
          [
            23,
            44
          ],
          [
            24,
            6
          ],
          [
            25,
            19
          ],
          [
            26,
            17
          ],
          [
            27,
            46
          ],
          [
            28,
            14
          ],
          [
            29,
            23
          ],
          [
            30,
            37
          ],
          [
            31,
            32
          ],
          [
            32,
            1
          ],
          [
            33,
            33
          ],
          [
            34,
            34
          ],
          [
            35,
            13
          ],
          [
            36,
            25
          ],
          [
            37,
            22
          ],
          [
            38,
            9
          ],
          [
            39,
            47
          ],
          [
            40,
            39
          ],
          [
            41,
            42
          ],
          [
            42,
            35
          ],
          [
            43,
            24
          ],
          [
            44,
            28
          ],
          [
            45,
            4
          ],
          [
            46,
            12
          ],
          [
            47,
            30
          ],
          [
            48,
            49
          ],
          [
            49,
            26
          ]
        ]
      },
      "inc_degree": {
        "ordering": "inc_degree",
        "ordering_label": "Increasing conflict degree",
        "objective": 4649.0,
        "feasible": true,
        "runtime_seconds": 0.014765501022338867,
        "core_size": 42,