{
  "n": 40,
  "seed": 4,
  "num_conflicts": 145922,
  "E0_objective": 0,
  "heuristic": "lagrangean_repair",
  "subgradient_LB": 0.0,
  "subgradient_UB": 1.3887335894583613e+25,
  "subgradient_iterations": 100,
  "subgradient_runtime": 11.498414039611816,
  "heuristic_name": "lagrangean_repair",
  "heuristic_output": {
    "ordering_variants": {
      "dec_weight": {
        "ordering": "dec_weight",
        "ordering_label": "Decreasing weight",
        "objective": 0.0,
        "feasible": true,
        "runtime_seconds": 0.10304450988769531,
        "core_size": 12,
        "assignment": [
          [
            0,
            28
          ],
          [
            1,
            27
          ],
          [
            2,
            26
          ],
          [
            3,
            39
          ],
          [
            4,
            23
          ],
          [
            5,
            38
          ],
          [
            6,
            22
          ],
          [
            7,
            14
          ],
          [
            8,
            2
          ],
          [
            9,
            18
          ],
          [
            10,
            21
          ],
          [
            11,
            32
          ],
          [
            12,
            35
          ],
          [
            13,
            10
          ],
          [
            14,
            13
          ],
          [
            15,
            0
          ],
          [
            16,
            37
          ],
          [
            17,
            20
          ],
          [
            18,
            3
          ],
          [
            19,
            33
          ],
          [
            20,
            8
          ],
          [
            21,
            11
          ],
          [
            22,
            29
          ],
          [
            23,
            16
          ],
          [
            24,
            7
          ],
          [
            25,
            31
          ],
          [
            26,
            24
          ],
          [
            27,
            36
          ],
          [
            28,
            34
          ],
          [
            29,
            17
          ],
          [
            30,
            12
          ],
          [
            31,
            1
          ],
          [
            32,
            4
          ],
          [
            33,
            5
          ],
          [
            34,
            9
          ],
          [
            35,
            30
          ],
          [
            36,
            25
          ],
          [
            37,
            6
          ],
          [
            38,
            19
          ],
          [
            39,
            15
          ]
        ]
      },
      "inc_weight": {
        "ordering": "inc_weight",
        "ordering_label": "Increasing weight",
        "objective": 0.0,
        "feasible": true,
        "runtime_seconds": 0.0971822738647461,
        "core_size": 17,
        "assignment": [
          [
            0,
            28
          ],
          [
            1,
            27
          ],
          [
            2,
            26
          ],
          [
            3,
            39
          ],
          [
            4,
            23
          ],
          [
            5,
            38
          ],
          [
            6,
            22
          ],
          [
            7,
            14
          ],
          [
            8,
            2
          ],
          [
            9,
            18
          ],
          [
            10,
            21
          ],
          [
            11,
            32
          ],
          [
            12,
            35
          ],
          [
            13,
            10
          ],
          [
            14,
            13
          ],
          [
            15,
            0
          ],
          [
            16,
            37
          ],
          [
            17,
            20
          ],
          [
            18,
            3
          ],
          [
            19,
            33
          ],
          [
            20,
            8
          ],
          [
            21,
            11
          ],
          [
            22,
            29
          ],
          [
            23,
            16
          ],
          [
            24,
            7
          ],
          [
            25,
            31
          ],
          [
            26,
            24
          ],
          [
            27,
            36
          ],
          [
            28,
            34
          ],
          [
            29,
            17
          ],
          [
            30,
            12
          ],
          [
            31,
            1
          ],
          [
            32,
            4
          ],
          [
            33,
            5
          ],
          [
            34,
            9
          ],
          [
            35,
            30
          ],
          [
            36,
            25
          ],
          [
            37,
            6
          ],
          [
            38,
            19
          ],
          [
            39,
            15
          ]
        ]
      },
      "inc_degree": {
        "ordering": "inc_degree",
        "ordering_label": "Increasing conflict degree",
        "objective": 0.0,
        "feasible": true,
        "runtime_seconds": 0.09977054595947266,
        "core_size": 18,
        "assignment": [
          [
            0,
            28
          ],
          [
            1,
            27
          ],
          [
            2,
            26
          ],
          [
            3,
            39
          ],
          [
            4,
            23
          ],
          [
            5,
            38
          ],
          [
            6,
            22
          ],
          [
            7,
            14
          ],
          [
            8,
            2
          ],
          [
            9,
            18
          ],
          [
            10,
            21
          ],
          [
            11,
            32
          ],
          [
            12,
            35
          ],
          [
            13,
            10
          ],
          [
            14,
            13
          ],
          [
            15,
            0
          ],
          [
            16,
            37
          ],
          [
            17,
            20
          ],
          [
            18,
            3
          ],
          [
            19,
            33
          ],
          [
            20,
            8
          ],
          [
            21,
            11
          ],
          [
            22,
            29
          ],
          [
            23,
            16
          ],
          [
            24,
            7
          ],
          [
            25,
            31
          ],
          [
            26,
            24
          ],
          [
            27,
            36
          ],
          [
            28,
            34
          ],
          [
            29,
            17
          ],
          [
            30,
            12
          ],
          [
            31,
            1
          ],
          [
            32,
            4
          ],
          [
            33,
            5
          ],
          [
            34,
            9
          ],
          [
            35,
            30
          ],
          [
            36,
            25
          ],
          [
            37,
            6
          ],
          [
            38,
            19
          ],
          [
            39,
            15
          ]
        ]
      },
      "weight_over_degree": {
        "ordering": "weight_over_degree",
        "ordering_label": "Weight-over-degree ratio",
        "objective": 0.0,