{
  "n": 40,
  "seed": 1,
  "num_conflicts": 60801,
  "E0_objective": 0,
  "heuristic": "lagrangean_repair",
  "subgradient_LB": 0.0,
  "subgradient_UB": 3847.7838451397165,
  "subgradient_iterations": 500,
  "subgradient_runtime": 22.69001054763794,
  "heuristic_name": "lagrangean_repair",
  "heuristic_output": {
    "ordering_variants": {
      "dec_weight": {
        "ordering": "dec_weight",
        "ordering_label": "Decreasing weight",
        "objective": 0.0,
        "feasible": true,
        "runtime_seconds": 0.06929516792297363,
        "core_size": 24,
        "assignment": [
          [
            0,
            23
          ],
          [
            1,
            2
          ],
          [
            2,
            11
          ],
          [
            3,
            1
          ],
          [
            4,
            37
          ],
          [
            5,
            32
          ],
          [
            6,
            5
          ],
          [
            7,
            9
          ],
          [
            8,
            17
          ],
          [
            9,
            29
          ],
          [
            10,
            34
          ],
          [
            11,
            20
          ],
          [
            12,
            38
          ],
          [
            13,
            21
          ],
          [
            14,
            27
          ],
          [
            15,
            22
          ],
          [
            16,
            10
          ],
          [
            17,
            33
          ],
          [
            18,
            18
          ],
          [
            19,
            35
          ],
          [
            20,
            39
          ],
          [
            21,
            14
          ],
          [
            22,
            26
          ],
          [
            23,
            19
          ],
          [
            24,
            13
          ],
          [
            25,
            12
          ],
          [
            26,
            0
          ],
          [
            27,
            15
          ],
          [
            28,
            3
          ],
          [
            29,
            6
          ],
          [
            30,
            25
          ],
          [
            31,
            24
          ],
          [
            32,
            30
          ],
          [
            33,
            28
          ],
          [
            34,
            31
          ],
          [
            35,
            7
          ],
          [
            36,
            16
          ],
          [
            37,
            4
          ],
          [
            38,
            36
          ],
          [
            39,
            8
          ]
        ]
      },
      "inc_weight": {
        "ordering": "inc_weight",
        "ordering_label": "Increasing weight",
        "objective": 0.0,
        "feasible": true,
        "runtime_seconds": 0.07071709632873535,
        "core_size": 25,
        "assignment": [
          [
            0,
            23
          ],
          [
            1,
            2
          ],
          [
            2,
            11
          ],
          [
            3,
            1
          ],
          [
            4,
            37
          ],
          [
            5,
            32
          ],
          [
            6,
            5
          ],
          [
            7,
            9
          ],
          [
            8,
            17
          ],
          [
            9,
            29
          ],
          [
            10,
            34
          ],
          [
            11,
            20
          ],
          [
            12,
            38
          ],
          [
            13,
            21
          ],
          [
            14,
            27
          ],
          [
            15,
            22
          ],
          [
            16,
            10
          ],
          [
            17,
            33
          ],
          [
            18,
            18
          ],
          [
            19,
            35
          ],
          [
            20,
            39
          ],
          [
            21,
            14
          ],
          [
            22,
            26
          ],
          [
            23,
            19
          ],
          [
            24,
            13
          ],
          [
            25,
            12
          ],
          [
            26,
            0
          ],
          [
            27,
            15
          ],
          [
            28,
            3
          ],
          [
            29,
            6
          ],
          [
            30,
            25
          ],
          [
            31,
            24
          ],
          [
            32,
            30
          ],
          [
            33,
            28
          ],
          [
            34,
            31
          ],
          [
            35,
            7
          ],
          [
            36,
            16
          ],
          [
            37,
            4
          ],
          [
            38,
            36
          ],
          [
            39,
            8
          ]
        ]
      },
      "inc_degree": {
        "ordering": "inc_degree",
        "ordering_label": "Increasing conflict degree",
        "objective": 0.0,
        "feasible": true,
        "runtime_seconds": 0.04838109016418457,
        "core_size": 26,
        "assignment": [
          [
            0,
            23
          ],
          [
            1,
            2
          ],
          [
            2,
            11
          ],
          [
            3,
            1
          ],
          [
            4,
            37
          ],
          [
            5,
            32
          ],
          [
            6,
            5
          ],
          [
            7,
            9
          ],
          [
            8,
            17
          ],
          [
            9,
            29
          ],
          [
            10,
            34
          ],
          [
            11,
            20
          ],
          [
            12,
            38
          ],
          [
            13,
            21
          ],
          [
            14,
            27
          ],
          [
            15,
            22
          ],
          [
            16,
            10
          ],
          [
            17,
            33
          ],
          [
            18,
            18
          ],
          [
            19,
            35
          ],
          [
            20,
            39
          ],
          [
            21,
            14
          ],
          [
            22,
            26
          ],
          [
            23,
            19
          ],
          [
            24,
            13
          ],
          [
            25,
            12
          ],
          [
            26,
            0
          ],
          [
            27,
            15
          ],
          [
            28,
            3
          ],
          [
            29,
            6
          ],
          [
            30,
            25
          ],
          [
            31,
            24
          ],
          [
            32,
            30
          ],
          [
            33,
            28
          ],
          [
            34,
            31
          ],
          [
            35,
            7
          ],
          [
            36,
            16
          ],
          [
            37,
            4
          ],
          [
            38,
            36
          ],
          [
            39,
            8
          ]
        ]
      },
      "weight_over_degree": {
        "ordering": "weight_over_degree",
        "ordering_label": "Weight-over-degree ratio",
        "objective": 0.0,
        "feasible": true,