{
  "n": 50,
  "seed": 2,
  "num_conflicts": 24990,
  "E0_objective": 0,
  "heuristic": "lagrangean_repair",
  "subgradient_LB": 4740.0,
  "subgradient_UB": 1.166639474333676e+24,
  "subgradient_iterations": 100,
  "subgradient_runtime": 1.7587602138519287,
  "heuristic_name": "lagrangean_repair",
  "heuristic_output": {
    "ordering_variants": {
      "dec_weight": {
        "ordering": "dec_weight",
        "ordering_label": "Decreasing weight",
        "objective": 4661.0,
        "feasible": true,
        "runtime_seconds": 0.02083730697631836,
        "core_size": 42,
        "assignment": [
          [
            0,
            10
          ],
          [
            1,
            45
          ],
          [
            2,
            38
          ],
          [
            3,
            6
          ],
          [
            4,
            33
          ],
          [
            5,
            29
          ],
          [
            6,
            28
          ],
          [
            7,
            16
          ],
          [
            8,
            44
          ],
          [
            9,
            18
          ],
          [
            10,
            0
          ],
          [
            11,
            12
          ],
          [
            12,
            13
          ],
          [
            13,
            2
          ],
          [
            14,
            14
          ],
          [
            15,
            31
          ],
          [
            16,
            3
          ],
          [
            17,
            35
          ],
          [
            18,
            39
          ],
          [
            19,
            40
          ],
          [
            20,
            20
          ],
          [
            21,
            34
          ],
          [
            22,
            24
          ],
          [
            23,
            8
          ],
          [
            24,
            37
          ],
          [
            25,
            26
          ],
          [
            26,
            7
          ],
          [
            27,
            36
          ],
          [
            28,
            43
          ],
          [
            29,
            1
          ],
          [
            30,
            47
          ],
          [
            31,
            41
          ],
          [
            32,
            27
          ],
          [
            33,
            21
          ],
          [
            34,
            11
          ],
          [
            35,
            32
          ],
          [
            36,
            48
          ],
          [
            37,
            19
          ],
          [
            38,
            25
          ],
          [
            39,
            5
          ],
          [
            40,
            30
          ],
          [
            41,
            42
          ],
          [
            42,
            17
          ],
          [
            43,
            9
          ],
          [
            44,
            23
          ],
          [
            45,
            15
          ],
          [
            46,
            4
          ],
          [
            47,
            49
          ],
          [
            48,
            22
          ],
          [
            49,
            46
          ]
        ]
      },
      "inc_weight": {
        "ordering": "inc_weight",
        "ordering_label": "Increasing weight",
        "objective": 0.0,
        "feasible": true,
        "runtime_seconds": 0.021860599517822266,
        "core_size": 42,
        "assignment": [
          [
            0,
            24
          ],
          [
            1,
            33
          ],
          [
            2,
            49
          ],
          [
            3,
            35
          ],
          [
            4,
            6
          ],
          [
            5,
            15
          ],
          [
            6,
            4
          ],
          [
            7,
            22
          ],
          [
            8,
            9
          ],
          [
            9,
            29
          ],
          [
            10,
            34
          ],
          [
            11,
            21
          ],
          [
            12,
            18
          ],
          [
            13,
            39
          ],
          [
            14,
            26
          ],
          [
            15,
            20
          ],
          [
            16,
            7
          ],
          [
            17,
            43
          ],
          [
            18,
            17
          ],
          [
            19,
            47
          ],
          [
            20,
            30
          ],
          [
            21,
            40
          ],
          [
            22,
            12
          ],
          [
            23,
            36
          ],
          [
            24,
            14
          ],
          [
            25,
            11
          ],
          [
            26,
            0
          ],
          [
            27,
            1
          ],
          [
            28,
            31
          ],
          [
            29,
            8
          ],
          [
            30,
            44
          ],
          [
            31,
            28
          ],
          [
            32,
            46
          ],
          [
            33,
            32
          ],
          [
            34,
            25
          ],
          [
            35,
            27
          ],
          [
            36,
            45
          ],
          [
            37,
            37
          ],
          [
            38,
            2
          ],
          [
            39,
            41
          ],
          [
            40,
            13
          ],
          [
            41,
            38
          ],
          [
            42,
            16
          ],
          [
            43,
            19
          ],
          [
            44,
            42
          ],
          [
            45,
            10
          ],
          [
            46,
            23
          ],
          [
            47,
            48
          ],
          [
            48,
            5
          ],
          [
            49,
            3
          ]
        ]
      },
      "inc_degree": {
        "ordering": "inc_degree",
        "ordering_label": "Increasing conflict degree",
        "objective": 4740.0,
        "feasible": true,
        "runtime_seconds": 0.01680159568786621,
        "core_size": 43,