{
  "n": 50,
  "seed": 2,
  "num_conflicts": 15619,
  "E0_objective": 0,
  "heuristic": "lagrangean_repair",
  "subgradient_LB": 4988.0,
  "subgradient_UB": 1.1635035626300842e+23,
  "subgradient_iterations": 100,
  "subgradient_runtime": 1.004420280456543,
  "heuristic_name": "lagrangean_repair",
  "heuristic_output": {
    "ordering_variants": {
      "dec_weight": {
        "ordering": "dec_weight",
        "ordering_label": "Decreasing weight",
        "objective": 4986.0,
        "feasible": true,
        "runtime_seconds": 0.008859395980834961,
        "core_size": 43,
        "assignment": [
          [
            0,
            1
          ],
          [
            1,
            28
          ],
          [
            2,
            42
          ],
          [
            3,
            47
          ],
          [
            4,
            0
          ],
          [
            5,
            3
          ],
          [
            6,
            12
          ],
          [
            7,
            8
          ],
          [
            8,
            7
          ],
          [
            9,
            16
          ],
          [
            10,
            6
          ],
          [
            11,
            11
          ],
          [
            12,
            14
          ],
          [
            13,
            43
          ],
          [
            14,
            18
          ],
          [
            15,
            33
          ],
          [
            16,
            21
          ],
          [
            17,
            9
          ],
          [
            18,
            29
          ],
          [
            19,
            23
          ],
          [
            20,
            17
          ],
          [
            21,
            24
          ],
          [
            22,
            13
          ],
          [
            23,
            27
          ],
          [
            24,
            26
          ],
          [
            25,
            46
          ],
          [
            26,
            38
          ],
          [
            27,
            10
          ],
          [
            28,
            20
          ],
          [
            29,
            22
          ],
          [
            30,
            36
          ],
          [
            31,
            39
          ],
          [
            32,
            2
          ],
          [
            33,
            30
          ],
          [
            34,
            19
          ],
          [
            35,
            5
          ],
          [
            36,
            25
          ],
          [
            37,
            32
          ],
          [
            38,
            31
          ],
          [
            39,
            45
          ],
          [
            40,
            37
          ],
          [
            41,
            40
          ],
          [
            42,
            48
          ],
          [
            43,
            15
          ],
          [
            44,
            35
          ],
          [
            45,
            41
          ],
          [
            46,
            4
          ],
          [
            47,
            34
          ],
          [
            48,
            49
          ],
          [
            49,
            44
          ]
        ]
      },
      "inc_weight": {
        "ordering": "inc_weight",
        "ordering_label": "Increasing weight",
        "objective": 4778.0,
        "feasible": true,
        "runtime_seconds": 0.008676290512084961,
        "core_size": 43,
        "assignment": [
          [
            0,
            1
          ],
          [
            1,
            33
          ],
          [
            2,
            42
          ],
          [
            3,
            47
          ],
          [
            4,
            0
          ],
          [
            5,
            3
          ],
          [
            6,
            12
          ],
          [
            7,
            8
          ],
          [
            8,
            7
          ],
          [
            9,
            16
          ],
          [
            10,
            6
          ],
          [
            11,
            11
          ],
          [
            12,
            14
          ],
          [
            13,
            15
          ],
          [
            14,
            28
          ],
          [
            15,
            43
          ],
          [
            16,
            21
          ],
          [
            17,
            9
          ],
          [
            18,
            29
          ],
          [
            19,
            23
          ],
          [
            20,
            17
          ],
          [
            21,
            24
          ],
          [
            22,
            13
          ],
          [
            23,
            27
          ],
          [
            24,
            26
          ],
          [
            25,
            46
          ],
          [
            26,
            38
          ],
          [
            27,
            10
          ],
          [
            28,
            20
          ],
          [
            29,
            22
          ],
          [
            30,
            36
          ],
          [
            31,
            39
          ],
          [
            32,
            2
          ],
          [
            33,
            30
          ],
          [
            34,
            18
          ],
          [
            35,
            5
          ],
          [
            36,
            25
          ],
          [
            37,
            32
          ],
          [
            38,
            31
          ],
          [
            39,
            45
          ],
          [
            40,
            37
          ],
          [
            41,
            40
          ],
          [
            42,
            48
          ],
          [
            43,
            19
          ],
          [
            44,
            35
          ],
          [
            45,
            41
          ],
          [
            46,
            4
          ],
          [
            47,
            34
          ],
          [
            48,
            49
          ],
          [
            49,
            44
          ]
        ]
      },
      "inc_degree": {
        "ordering": "inc_degree",
        "ordering_label": "Increasing conflict degree",
        "objective": 4988.0,
        "feasible": true,
        "runtime_seconds": 0.008866548538208008,
        "core_size": 43,