{
  "n": 50,
  "seed": 1,
  "num_conflicts": 15619,
  "E0_objective": 0,
  "heuristic": "lagrangean_repair",
  "subgradient_LB": 4990.0,
  "subgradient_UB": 9.766191104356137e+22,
  "subgradient_iterations": 100,
  "subgradient_runtime": 0.9704687595367432,
  "heuristic_name": "lagrangean_repair",
  "heuristic_output": {
    "ordering_variants": {
      "dec_weight": {
        "ordering": "dec_weight",
        "ordering_label": "Decreasing weight",
        "objective": 4990.0,
        "feasible": true,
        "runtime_seconds": 0.009716272354125977,
        "core_size": 46,
        "assignment": [
          [
            0,
            40
          ],
          [
            1,
            8
          ],
          [
            2,
            46
          ],
          [
            3,
            35
          ],
          [
            4,
            4
          ],
          [
            5,
            1
          ],
          [
            6,
            5
          ],
          [
            7,
            7
          ],
          [
            8,
            11
          ],
          [
            9,
            9
          ],
          [
            10,
            10
          ],
          [
            11,
            6
          ],
          [
            12,
            13
          ],
          [
            13,
            15
          ],
          [
            14,
            47
          ],
          [
            15,
            17
          ],
          [
            16,
            12
          ],
          [
            17,
            23
          ],
          [
            18,
            16
          ],
          [
            19,
            27
          ],
          [
            20,
            21
          ],
          [
            21,
            28
          ],
          [
            22,
            18
          ],
          [
            23,
            20
          ],
          [
            24,
            26
          ],
          [
            25,
            0
          ],
          [
            26,
            2
          ],
          [
            27,
            19
          ],
          [
            28,
            22
          ],
          [
            29,
            33
          ],
          [
            30,
            32
          ],
          [
            31,
            25
          ],
          [
            32,
            37
          ],
          [
            33,
            30
          ],
          [
            34,
            24
          ],
          [
            35,
            29
          ],
          [
            36,
            45
          ],
          [
            37,
            31
          ],
          [
            38,
            34
          ],
          [
            39,
            36
          ],
          [
            40,
            49
          ],
          [
            41,
            3
          ],
          [
            42,
            44
          ],
          [
            43,
            42
          ],
          [
            44,
            14
          ],
          [
            45,
            38
          ],
          [
            46,
            48
          ],
          [
            47,
            41
          ],
          [
            48,
            39
          ],
          [
            49,
            43
          ]
        ]
      },
      "inc_weight": {
        "ordering": "inc_weight",
        "ordering_label": "Increasing weight",
        "objective": 4887.0,
        "feasible": true,
        "runtime_seconds": 0.009136676788330078,
        "core_size": 46,
        "assignment": [
          [
            0,
            40
          ],
          [
            1,
            8
          ],
          [
            2,
            47
          ],
          [
            3,
            35
          ],
          [
            4,
            4
          ],
          [
            5,
            1
          ],
          [
            6,
            5
          ],
          [
            7,
            7
          ],
          [
            8,
            11
          ],
          [
            9,
            9
          ],
          [
            10,
            10
          ],
          [
            11,
            6
          ],
          [
            12,
            13
          ],
          [
            13,
            15
          ],
          [
            14,
            2
          ],
          [
            15,
            17
          ],
          [
            16,
            12
          ],
          [
            17,
            23
          ],
          [
            18,
            16
          ],
          [
            19,
            27
          ],
          [
            20,
            21
          ],
          [
            21,
            28
          ],
          [
            22,
            18
          ],
          [
            23,
            20
          ],
          [
            24,
            26
          ],
          [
            25,
            0
          ],
          [
            26,
            14
          ],
          [
            27,
            19
          ],
          [
            28,
            22
          ],
          [
            29,
            33
          ],
          [
            30,
            32
          ],
          [
            31,
            25
          ],
          [
            32,
            37
          ],
          [
            33,
            30
          ],
          [
            34,
            24
          ],
          [
            35,
            29
          ],
          [
            36,
            45
          ],
          [
            37,
            31
          ],
          [
            38,
            34
          ],
          [
            39,
            36
          ],
          [
            40,
            49
          ],
          [
            41,
            3
          ],
          [
            42,
            44
          ],
          [
            43,
            42
          ],
          [
            44,
            46
          ],
          [
            45,
            38
          ],
          [
            46,
            48
          ],
          [
            47,
            41
          ],
          [
            48,
            39
          ],
          [
            49,
            43
          ]
        ]
      },
      "inc_degree": {
        "ordering": "inc_degree",
        "ordering_label": "Increasing conflict degree",
        "objective": 4990.0,
        "feasible": true,
        "runtime_seconds": 0.00870370864868164,
        "core_size": 46,