{
  "n": 40,
  "seed": 1,
  "num_conflicts": 12160,
  "E0_objective": 0,
  "heuristic": "lagrangean_repair",
  "subgradient_LB": 3733.0,
  "subgradient_UB": 1.3614422019486476e+24,
  "subgradient_iterations": 100,
  "subgradient_runtime": 0.6940782070159912,
  "heuristic_name": "lagrangean_repair",
  "heuristic_output": {
    "ordering_variants": {
      "dec_weight": {
        "ordering": "dec_weight",
        "ordering_label": "Decreasing weight",
        "objective": 3716.0,
        "feasible": true,
        "runtime_seconds": 0.007009744644165039,
        "core_size": 32,
        "assignment": [
          [
            0,
            27
          ],
          [
            1,
            26
          ],
          [
            2,
            9
          ],
          [
            3,
            5
          ],
          [
            4,
            22
          ],
          [
            5,
            17
          ],
          [
            6,
            14
          ],
          [
            7,
            21
          ],
          [
            8,
            29
          ],
          [
            9,
            3
          ],
          [
            10,
            25
          ],
          [
            11,
            11
          ],
          [
            12,
            32
          ],
          [
            13,
            8
          ],
          [
            14,
            12
          ],
          [
            15,
            28
          ],
          [
            16,
            24
          ],
          [
            17,
            30
          ],
          [
            18,
            20
          ],
          [
            19,
            18
          ],
          [
            20,
            33
          ],
          [
            21,
            34
          ],
          [
            22,
            31
          ],
          [
            23,
            13
          ],
          [
            24,
            37
          ],
          [
            25,
            35
          ],
          [
            26,
            36
          ],
          [
            27,
            16
          ],
          [
            28,
            6
          ],
          [
            29,
            2
          ],
          [
            30,
            7
          ],
          [
            31,
            39
          ],
          [
            32,
            38
          ],
          [
            33,
            10
          ],
          [
            34,
            1
          ],
          [
            35,
            4
          ],
          [
            36,
            19
          ],
          [
            37,
            23
          ],
          [
            38,
            0
          ],
          [
            39,
            15
          ]
        ]
      },
      "inc_weight": {
        "ordering": "inc_weight",
        "ordering_label": "Increasing weight",
        "objective": 3249.0,
        "feasible": true,
        "runtime_seconds": 0.0059926509857177734,
        "core_size": 32,
        "assignment": [
          [
            0,
            27
          ],
          [
            1,
            26
          ],
          [
            2,
            9
          ],
          [
            3,
            5
          ],
          [
            4,
            4
          ],
          [
            5,
            17
          ],
          [
            6,
            14
          ],
          [
            7,
            13
          ],
          [
            8,
            29
          ],
          [
            9,
            3
          ],
          [
            10,
            12
          ],
          [
            11,
            11
          ],
          [
            12,
            32
          ],
          [
            13,
            8
          ],
          [
            14,
            2
          ],
          [
            15,
            0
          ],
          [
            16,
            24
          ],
          [
            17,
            30
          ],
          [
            18,
            20
          ],
          [
            19,
            28
          ],
          [
            20,
            18
          ],
          [
            21,
            34
          ],
          [
            22,
            35
          ],
          [
            23,
            21
          ],
          [
            24,
            37
          ],
          [
            25,
            39
          ],
          [
            26,
            36
          ],
          [
            27,
            16
          ],
          [
            28,
            6
          ],
          [
            29,
            33
          ],
          [
            30,
            7
          ],
          [
            31,
            22
          ],
          [
            32,
            38
          ],
          [
            33,
            10
          ],
          [
            34,
            1
          ],
          [
            35,
            31
          ],
          [
            36,
            19
          ],
          [
            37,
            23
          ],
          [
            38,
            25
          ],
          [
            39,
            15
          ]
        ]
      },
      "inc_degree": {
        "ordering": "inc_degree",
        "ordering_label": "Increasing conflict degree",
        "objective": 3733.0,
        "feasible": true,
        "runtime_seconds": 0.007253885269165039,
        "core_size": 32,
        "assignment": [
          [
            0,
            27
          ],
          [
            1,
            26
          ],
          [
            2,
            9
          ],
          [
            3,
            5
          ],
          [
            4,
            39
          ],
          [
            5,
            17
          ],
          [
            6,
            14
          ],
          [
            7,
            21
          ],
          [
            8,
            29
          ],
          [
            9,
            3
          ],
          [
            10,
            25
          ],
          [
            11,
            11
          ],
          [
            12,
            32
          ],
          [
            13,
            8
          ],
          [
            14,
            12
          ],
          [
            15,
            28
          ],
          [
            16,
            24
          ],
          [
            17,
            30
          ],
          [
            18,
            20
          ],
          [
            19,
            18
          ],
          [
            20,
            22
          ],
          [
            21,
            34
          ],
          [
            22,
            35
          ],
          [
            23,
            4
          ],
          [
            24,
            37
          ],
          [
            25,
            13
          ],
          [
            26,
            36
          ],
          [
            27,
            16
          ],
          [
            28,
            6
          ],
          [
            29,
            2
          ],
          [
            30,
            7
          ],
          [
            31,
            0
          ],
          [
            32,
            38
          ],
          [
            33,
            10
          ],
          [
            34,
            1
          ],
          [
            35,
            31
          ],
          [
            36,
            19
          ],
          [
            37,
            23
          ],
          [
            38,
            33
          ],
          [
            39,
            15
          ]
        ]
      },
      "weight_over_degree": {
        "ordering": "weight_over_degree",
        "ordering_label": "Weight-over-degree ratio",
        "objective": 3733.0,