{
  "n": 50,
  "seed": 2,
  "num_conflicts": 31238,
  "E0_objective": 0,
  "heuristic": "lagrangean_repair",
  "subgradient_LB": 4685.0,
  "subgradient_UB": 1.7008756150201376e+24,
  "subgradient_iterations": 100,
  "subgradient_runtime": 2.9348063468933105,
  "heuristic_name": "lagrangean_repair",
  "heuristic_output": {
    "ordering_variants": {
      "dec_weight": {
        "ordering": "dec_weight",
        "ordering_label": "Decreasing weight",
        "objective": 4633.0,
        "feasible": true,
        "runtime_seconds": 0.020400524139404297,
        "core_size": 40,
        "assignment": [
          [
            0,
            10
          ],
          [
            1,
            45
          ],
          [
            2,
            38
          ],
          [
            3,
            6
          ],
          [
            4,
            33
          ],
          [
            5,
            29
          ],
          [
            6,
            28
          ],
          [
            7,
            16
          ],
          [
            8,
            44
          ],
          [
            9,
            18
          ],
          [
            10,
            43
          ],
          [
            11,
            0
          ],
          [
            12,
            13
          ],
          [
            13,
            2
          ],
          [
            14,
            14
          ],
          [
            15,
            31
          ],
          [
            16,
            3
          ],
          [
            17,
            35
          ],
          [
            18,
            39
          ],
          [
            19,
            40
          ],
          [
            20,
            20
          ],
          [
            21,
            34
          ],
          [
            22,
            24
          ],
          [
            23,
            8
          ],
          [
            24,
            37
          ],
          [
            25,
            26
          ],
          [
            26,
            12
          ],
          [
            27,
            36
          ],
          [
            28,
            17
          ],
          [
            29,
            1
          ],
          [
            30,
            47
          ],
          [
            31,
            41
          ],
          [
            32,
            27
          ],
          [
            33,
            21
          ],
          [
            34,
            11
          ],
          [
            35,
            32
          ],
          [
            36,
            48
          ],
          [
            37,
            19
          ],
          [
            38,
            25
          ],
          [
            39,
            5
          ],
          [
            40,
            30
          ],
          [
            41,
            42
          ],
          [
            42,
            7
          ],
          [
            43,
            9
          ],
          [
            44,
            23
          ],
          [
            45,
            15
          ],
          [
            46,
            4
          ],
          [
            47,
            49
          ],
          [
            48,
            22
          ],
          [
            49,
            46
          ]
        ]
      },
      "inc_weight": {
        "ordering": "inc_weight",
        "ordering_label": "Increasing weight",
        "objective": 4087.0,
        "feasible": true,
        "runtime_seconds": 0.02187204360961914,
        "core_size": 39,
        "assignment": [
          [
            0,
            10
          ],
          [
            1,
            45
          ],
          [
            2,
            43
          ],
          [
            3,
            35
          ],
          [
            4,
            33
          ],
          [
            5,
            34
          ],
          [
            6,
            28
          ],
          [
            7,
            16
          ],
          [
            8,
            44
          ],
          [
            9,
            18
          ],
          [
            10,
            0
          ],
          [
            11,
            49
          ],
          [
            12,
            23
          ],
          [
            13,
            2
          ],
          [
            14,
            14
          ],
          [
            15,
            6
          ],
          [
            16,
            3
          ],
          [
            17,
            29
          ],
          [
            18,
            39
          ],
          [
            19,
            40
          ],
          [
            20,
            20
          ],
          [
            21,
            9
          ],
          [
            22,
            24
          ],
          [
            23,
            8
          ],
          [
            24,
            37
          ],
          [
            25,
            30
          ],
          [
            26,
            1
          ],
          [
            27,
            36
          ],
          [
            28,
            22
          ],
          [
            29,
            13
          ],
          [
            30,
            47
          ],
          [
            31,
            41
          ],
          [
            32,
            27
          ],
          [
            33,
            21
          ],
          [
            34,
            11
          ],
          [
            35,
            32
          ],
          [
            36,
            48
          ],
          [
            37,
            19
          ],
          [
            38,
            25
          ],
          [
            39,
            5
          ],
          [
            40,
            26
          ],
          [
            41,
            42
          ],
          [
            42,
            17
          ],
          [
            43,
            31
          ],
          [
            44,
            12
          ],
          [
            45,
            15
          ],
          [
            46,
            4
          ],
          [
            47,
            38
          ],
          [
            48,
            7
          ],
          [
            49,
            46
          ]
        ]
      },
      "inc_degree": {
        "ordering": "inc_degree",
        "ordering_label": "Increasing conflict degree",
        "objective": 4685.0,
        "feasible": true,
        "runtime_seconds": 0.017786264419555664,
        "core_size": 41,