{
  "n": 40,
  "seed": 5,
  "num_conflicts": 6080,
  "E0_objective": 0,
  "heuristic": "lagrangean_repair",
  "subgradient_LB": 3989.0,
  "subgradient_UB": 1.0538158855812566e+23,
  "subgradient_iterations": 100,
  "subgradient_runtime": 0.32576584815979004,
  "heuristic_name": "lagrangean_repair",
  "heuristic_output": {
    "ordering_variants": {
      "dec_weight": {
        "ordering": "dec_weight",
        "ordering_label": "Decreasing weight",
        "objective": 3989.0,
        "feasible": true,
        "runtime_seconds": 0.0036573410034179688,
        "core_size": 35,
        "assignment": [
          [
            0,
            1
          ],
          [
            1,
            5
          ],
          [
            2,
            7
          ],
          [
            3,
            36
          ],
          [
            4,
            2
          ],
          [
            5,
            11
          ],
          [
            6,
            31
          ],
          [
            7,
            29
          ],
          [
            8,
            13
          ],
          [
            9,
            4
          ],
          [
            10,
            37
          ],
          [
            11,
            32
          ],
          [
            12,
            14
          ],
          [
            13,
            26
          ],
          [
            14,
            27
          ],
          [
            15,
            3
          ],
          [
            16,
            24
          ],
          [
            17,
            16
          ],
          [
            18,
            6
          ],
          [
            19,
            22
          ],
          [
            20,
            9
          ],
          [
            21,
            28
          ],
          [
            22,
            15
          ],
          [
            23,
            20
          ],
          [
            24,
            35
          ],
          [
            25,
            23
          ],
          [
            26,
            21
          ],
          [
            27,
            19
          ],
          [
            28,
            10
          ],
          [
            29,
            18
          ],
          [
            30,
            38
          ],
          [
            31,
            12
          ],
          [
            32,
            8
          ],
          [
            33,
            17
          ],
          [
            34,
            34
          ],
          [
            35,
            39
          ],
          [
            36,
            30
          ],
          [
            37,
            0
          ],
          [
            38,
            25
          ],
          [
            39,
            33
          ]
        ]
      },
      "inc_weight": {
        "ordering": "inc_weight",
        "ordering_label": "Increasing weight",
        "objective": 3989.0,
        "feasible": true,
        "runtime_seconds": 0.003625154495239258,
        "core_size": 35,
        "assignment": [
          [
            0,
            1
          ],
          [
            1,
            5
          ],
          [
            2,
            7
          ],
          [
            3,
            36
          ],
          [
            4,
            2
          ],
          [
            5,
            11
          ],
          [
            6,
            31
          ],
          [
            7,
            29
          ],
          [
            8,
            13
          ],
          [
            9,
            4
          ],
          [
            10,
            37
          ],
          [
            11,
            32
          ],
          [
            12,
            14
          ],
          [
            13,
            26
          ],
          [
            14,
            27
          ],
          [
            15,
            3
          ],
          [
            16,
            24
          ],
          [
            17,
            16
          ],
          [
            18,
            6
          ],
          [
            19,
            22
          ],
          [
            20,
            9
          ],
          [
            21,
            28
          ],
          [
            22,
            15
          ],
          [
            23,
            20
          ],
          [
            24,
            35
          ],
          [
            25,
            23
          ],
          [
            26,
            0
          ],
          [
            27,
            19
          ],
          [
            28,
            10
          ],
          [
            29,
            18
          ],
          [
            30,
            38
          ],
          [
            31,
            12
          ],
          [
            32,
            8
          ],
          [
            33,
            17
          ],
          [
            34,
            34
          ],
          [
            35,
            39
          ],
          [
            36,
            30
          ],
          [
            37,
            21
          ],
          [
            38,
            25
          ],
          [
            39,
            33
          ]
        ]
      },
      "inc_degree": {
        "ordering": "inc_degree",
        "ordering_label": "Increasing conflict degree",
        "objective": 3989.0,
        "feasible": true,
        "runtime_seconds": 0.0033097267150878906,
        "core_size": 35,
        "assignment": [
          [
            0,
            1
          ],
          [
            1,
            5
          ],
          [
            2,
            7
          ],
          [
            3,
            36
          ],
          [
            4,
            2
          ],
          [
            5,
            11
          ],
          [
            6,
            31
          ],
          [
            7,
            29
          ],
          [
            8,
            13
          ],
          [
            9,
            4
          ],
          [
            10,
            37
          ],
          [
            11,
            32
          ],
          [
            12,
            14
          ],
          [
            13,
            26
          ],
          [
            14,
            27
          ],
          [
            15,
            3
          ],
          [
            16,
            24
          ],
          [
            17,
            16
          ],
          [
            18,
            6
          ],
          [
            19,
            22
          ],
          [
            20,
            9
          ],
          [
            21,
            28
          ],
          [
            22,
            15
          ],
          [
            23,
            20
          ],
          [
            24,
            35
          ],
          [
            25,
            23
          ],
          [
            26,
            21
          ],
          [
            27,
            19
          ],
          [
            28,
            10
          ],
          [
            29,
            18
          ],
          [
            30,
            38
          ],
          [
            31,
            12
          ],
          [
            32,
            8
          ],
          [
            33,
            17
          ],
          [
            34,
            34
          ],
          [
            35,
            39
          ],
          [
            36,
            30
          ],
          [
            37,
            0
          ],
          [
            38,
            25
          ],
          [
            39,
            33
          ]
        ]
      },
      "weight_over_degree": {
        "ordering": "weight_over_degree",
        "ordering_label": "Weight-over-degree ratio",
        "objective": 3989.0,