{
  "n": 50,
  "seed": 7,
  "num_conflicts": 625,
  "E0_objective": 0,
  "heuristic": "lagrangean_repair",
  "subgradient_LB": 4862.0,
  "subgradient_UB": 4862.0,
  "subgradient_iterations": 1,
  "subgradient_runtime": 0.000186920166015625,
  "heuristic_name": "lagrangean_repair",
  "heuristic_output": {
    "ordering_variants": {
      "dec_weight": {
        "ordering": "dec_weight",
        "ordering_label": "Decreasing weight",
        "objective": 0.0,
        "feasible": true,
        "runtime_seconds": 0.0007660388946533203,
        "core_size": 50,
        "assignment": [
          [
            0,
            24
          ],
          [
            1,
            35
          ],
          [
            2,
            14
          ],
          [
            3,
            31
          ],
          [
            4,
            10
          ],
          [
            5,
            48
          ],
          [
            6,
            11
          ],
          [
            7,
            16
          ],
          [
            8,
            28
          ],
          [
            9,
            29
          ],
          [
            10,
            42
          ],
          [
            11,
            38
          ],
          [
            12,
            30
          ],
          [
            13,
            8
          ],
          [
            14,
            0
          ],
          [
            15,
            46
          ],
          [
            16,
            19
          ],
          [
            17,
            12
          ],
          [
            18,
            21
          ],
          [
            19,
            43
          ],
          [
            20,
            47
          ],
          [
            21,
            22
          ],
          [
            22,
            49
          ],
          [
            23,
            7
          ],
          [
            24,
            39
          ],
          [
            25,
            18
          ],
          [
            26,
            33
          ],
          [
            27,
            1
          ],
          [
            28,
            40
          ],
          [
            29,
            17
          ],
          [
            30,
            36
          ],
          [
            31,
            15
          ],
          [
            32,
            44
          ],
          [
            33,
            26
          ],
          [
            34,
            27
          ],
          [
            35,
            5
          ],
          [
            36,
            2
          ],
          [
            37,
            13
          ],
          [
            38,
            32
          ],
          [
            39,
            45
          ],
          [
            40,
            37
          ],
          [
            41,
            23
          ],
          [
            42,
            6
          ],
          [
            43,
            34
          ],
          [
            44,
            4
          ],
          [
            45,
            3
          ],
          [
            46,
            41
          ],
          [
            47,
            25
          ],
          [
            48,
            9
          ],
          [
            49,
            20
          ]
        ]
      },
      "inc_weight": {
        "ordering": "inc_weight",
        "ordering_label": "Increasing weight",
        "objective": 0.0,
        "feasible": true,
        "runtime_seconds": 0.0004830360412597656,
        "core_size": 50,
        "assignment": [
          [
            0,
            24
          ],
          [
            1,
            35
          ],
          [
            2,
            14
          ],
          [
            3,
            31
          ],
          [
            4,
            10
          ],
          [
            5,
            48
          ],
          [
            6,
            11
          ],
          [
            7,
            16
          ],
          [
            8,
            28
          ],
          [
            9,
            29
          ],
          [
            10,
            42
          ],
          [
            11,
            38
          ],
          [
            12,
            30
          ],
          [
            13,
            8
          ],
          [
            14,
            0
          ],
          [
            15,
            46
          ],
          [
            16,
            19
          ],
          [
            17,
            12
          ],
          [
            18,
            21
          ],
          [
            19,
            43
          ],
          [
            20,
            47
          ],
          [
            21,
            22
          ],
          [
            22,
            49
          ],
          [
            23,
            7
          ],
          [
            24,
            39
          ],
          [
            25,
            18
          ],
          [
            26,
            33
          ],
          [
            27,
            1
          ],
          [
            28,
            40
          ],
          [
            29,
            17
          ],
          [
            30,
            36
          ],
          [
            31,
            15
          ],
          [
            32,
            44
          ],
          [
            33,
            26
          ],
          [
            34,
            27
          ],
          [
            35,
            5
          ],
          [
            36,
            2
          ],
          [
            37,
            13
          ],
          [
            38,
            32
          ],
          [
            39,
            45
          ],
          [
            40,
            37
          ],
          [
            41,
            23
          ],
          [
            42,
            6
          ],
          [
            43,
            34
          ],
          [
            44,
            4
          ],
          [
            45,
            3
          ],
          [
            46,
            41
          ],
          [
            47,
            25
          ],
          [
            48,
            9
          ],
          [
            49,
            20
          ]
        ]
      },
      "inc_degree": {
        "ordering": "inc_degree",
        "ordering_label": "Increasing conflict degree",
        "objective": 0.0,
        "feasible": true,
        "runtime_seconds": 0.0004756450653076172,
        "core_size": 50,