{
  "n": 50,
  "seed": 4,
  "num_conflicts": 31238,
  "E0_objective": 0,
  "heuristic": "lagrangean_repair",
  "subgradient_LB": 0.0,
  "subgradient_UB": 1.7772591683138192e+25,
  "subgradient_iterations": 100,
  "subgradient_runtime": 2.2605395317077637,
  "heuristic_name": "lagrangean_repair",
  "heuristic_output": {
    "ordering_variants": {
      "dec_weight": {
        "ordering": "dec_weight",
        "ordering_label": "Decreasing weight",
        "objective": 4611.0,
        "feasible": true,
        "runtime_seconds": 0.022372722625732422,
        "core_size": 38,
        "assignment": [
          [
            0,
            9
          ],
          [
            1,
            5
          ],
          [
            2,
            24
          ],
          [
            3,
            18
          ],
          [
            4,
            14
          ],
          [
            5,
            8
          ],
          [
            6,
            33
          ],
          [
            7,
            37
          ],
          [
            8,
            0
          ],
          [
            9,
            46
          ],
          [
            10,
            3
          ],
          [
            11,
            11
          ],
          [
            12,
            10
          ],
          [
            13,
            40
          ],
          [
            14,
            22
          ],
          [
            15,
            43
          ],
          [
            16,
            16
          ],
          [
            17,
            36
          ],
          [
            18,
            27
          ],
          [
            19,
            2
          ],
          [
            20,
            39
          ],
          [
            21,
            35
          ],
          [
            22,
            13
          ],
          [
            23,
            45
          ],
          [
            24,
            19
          ],
          [
            25,
            6
          ],
          [
            26,
            47
          ],
          [
            27,
            28
          ],
          [
            28,
            38
          ],
          [
            29,
            4
          ],
          [
            30,
            17
          ],
          [
            31,
            7
          ],
          [
            32,
            21
          ],
          [
            33,
            20
          ],
          [
            34,
            42
          ],
          [
            35,
            23
          ],
          [
            36,
            1
          ],
          [
            37,
            30
          ],
          [
            38,
            26
          ],
          [
            39,
            31
          ],
          [
            40,
            29
          ],
          [
            41,
            49
          ],
          [
            42,
            12
          ],
          [
            43,
            44
          ],
          [
            44,
            25
          ],
          [
            45,
            34
          ],
          [
            46,
            15
          ],
          [
            47,
            32
          ],
          [
            48,
            48
          ],
          [
            49,
            41
          ]
        ]
      },
      "inc_weight": {
        "ordering": "inc_weight",
        "ordering_label": "Increasing weight",
        "objective": 4213.0,
        "feasible": true,
        "runtime_seconds": 0.017152070999145508,
        "core_size": 41,
        "assignment": [
          [
            0,
            9
          ],
          [
            1,
            5
          ],
          [
            2,
            24
          ],
          [
            3,
            18
          ],
          [
            4,
            12
          ],
          [
            5,
            8
          ],
          [
            6,
            14
          ],
          [
            7,
            37
          ],
          [
            8,
            0
          ],
          [
            9,
            46
          ],
          [
            10,
            3
          ],
          [
            11,
            11
          ],
          [
            12,
            40
          ],
          [
            13,
            15
          ],
          [
            14,
            22
          ],
          [
            15,
            43
          ],
          [
            16,
            10
          ],
          [
            17,
            36
          ],
          [
            18,
            27
          ],
          [
            19,
            44
          ],
          [
            20,
            34
          ],
          [
            21,
            35
          ],
          [
            22,
            13
          ],
          [
            23,
            45
          ],
          [
            24,
            19
          ],
          [
            25,
            6
          ],
          [
            26,
            47
          ],
          [
            27,
            28
          ],
          [
            28,
            31
          ],
          [
            29,
            4
          ],
          [
            30,
            39
          ],
          [
            31,
            7
          ],
          [
            32,
            17
          ],
          [
            33,
            33
          ],
          [
            34,
            16
          ],
          [
            35,
            23
          ],
          [
            36,
            1
          ],
          [
            37,
            30
          ],
          [
            38,
            2
          ],
          [
            39,
            38
          ],
          [
            40,
            21
          ],
          [
            41,
            49
          ],
          [
            42,
            20
          ],
          [
            43,
            42
          ],
          [
            44,
            25
          ],
          [
            45,
            29
          ],
          [
            46,
            26
          ],
          [
            47,
            32
          ],
          [
            48,
            48
          ],
          [
            49,
            41
          ]
        ]
      },
      "inc_degree": {
        "ordering": "inc_degree",
        "ordering_label": "Increasing conflict degree",
        "objective": 0.0,
        "feasible": true,
        "runtime_seconds": 0.01667165756225586,
        "core_size": 41,