{
  "n": 40,
  "seed": 2,
  "num_conflicts": 6080,
  "E0_objective": 0,
  "heuristic": "lagrangean_repair",
  "subgradient_LB": 4000.0,
  "subgradient_UB": 4000.000000003378,
  "subgradient_iterations": 500,
  "subgradient_runtime": 1.8910095691680908,
  "heuristic_name": "lagrangean_repair",
  "heuristic_output": {
    "ordering_variants": {
      "dec_weight": {
        "ordering": "dec_weight",
        "ordering_label": "Decreasing weight",
        "objective": 0.0,
        "feasible": true,
        "runtime_seconds": 0.007361888885498047,
        "core_size": 40,
        "assignment": [
          [
            0,
            26
          ],
          [
            1,
            4
          ],
          [
            2,
            39
          ],
          [
            3,
            27
          ],
          [
            4,
            34
          ],
          [
            5,
            15
          ],
          [
            6,
            29
          ],
          [
            7,
            9
          ],
          [
            8,
            35
          ],
          [
            9,
            31
          ],
          [
            10,
            30
          ],
          [
            11,
            25
          ],
          [
            12,
            6
          ],
          [
            13,
            28
          ],
          [
            14,
            7
          ],
          [
            15,
            22
          ],
          [
            16,
            0
          ],
          [
            17,
            1
          ],
          [
            18,
            8
          ],
          [
            19,
            24
          ],
          [
            20,
            14
          ],
          [
            21,
            17
          ],
          [
            22,
            11
          ],
          [
            23,
            33
          ],
          [
            24,
            36
          ],
          [
            25,
            12
          ],
          [
            26,
            20
          ],
          [
            27,
            32
          ],
          [
            28,
            37
          ],
          [
            29,
            21
          ],
          [
            30,
            18
          ],
          [
            31,
            2
          ],
          [
            32,
            13
          ],
          [
            33,
            16
          ],
          [
            34,
            19
          ],
          [
            35,
            10
          ],
          [
            36,
            23
          ],
          [
            37,
            38
          ],
          [
            38,
            5
          ],
          [
            39,
            3
          ]
        ]
      },
      "inc_weight": {
        "ordering": "inc_weight",
        "ordering_label": "Increasing weight",
        "objective": 0.0,
        "feasible": true,
        "runtime_seconds": 0.0060214996337890625,
        "core_size": 40,
        "assignment": [
          [
            0,
            26
          ],
          [
            1,
            4
          ],
          [
            2,
            39
          ],
          [
            3,
            27
          ],
          [
            4,
            34
          ],
          [
            5,
            15
          ],
          [
            6,
            29
          ],
          [
            7,
            9
          ],
          [
            8,
            35
          ],
          [
            9,
            31
          ],
          [
            10,
            30
          ],
          [
            11,
            25
          ],
          [
            12,
            6
          ],
          [
            13,
            28
          ],
          [
            14,
            7
          ],
          [
            15,
            22
          ],
          [
            16,
            0
          ],
          [
            17,
            1
          ],
          [
            18,
            8
          ],
          [
            19,
            24
          ],
          [
            20,
            14
          ],
          [
            21,
            17
          ],
          [
            22,
            11
          ],
          [
            23,
            33
          ],
          [
            24,
            36
          ],
          [
            25,
            12
          ],
          [
            26,
            20
          ],
          [
            27,
            32
          ],
          [
            28,
            37
          ],
          [
            29,
            21
          ],
          [
            30,
            18
          ],
          [
            31,
            2
          ],
          [
            32,
            13
          ],
          [
            33,
            16
          ],
          [
            34,
            19
          ],
          [
            35,
            10
          ],
          [
            36,
            23
          ],
          [
            37,
            38
          ],
          [
            38,
            5
          ],
          [
            39,
            3
          ]
        ]
      },
      "inc_degree": {
        "ordering": "inc_degree",
        "ordering_label": "Increasing conflict degree",
        "objective": 0.0,
        "feasible": true,
        "runtime_seconds": 0.003870248794555664,
        "core_size": 40,
        "assignment": [
          [
            0,
            26
          ],
          [
            1,
            4
          ],
          [
            2,
            39
          ],
          [
            3,
            27
          ],
          [
            4,
            34
          ],
          [
            5,
            15
          ],
          [
            6,
            29
          ],
          [
            7,
            9
          ],
          [
            8,
            35
          ],
          [
            9,
            31
          ],
          [
            10,
            30
          ],
          [
            11,
            25
          ],
          [
            12,
            6
          ],
          [
            13,
            28
          ],
          [
            14,
            7
          ],
          [
            15,
            22
          ],
          [
            16,
            0
          ],
          [
            17,
            1
          ],
          [
            18,
            8
          ],
          [
            19,
            24
          ],
          [
            20,
            14
          ],
          [
            21,
            17
          ],
          [
            22,
            11
          ],
          [
            23,
            33
          ],
          [
            24,
            36
          ],
          [
            25,
            12
          ],
          [
            26,
            20
          ],
          [
            27,
            32
          ],
          [
            28,
            37
          ],
          [
            29,
            21
          ],
          [
            30,
            18
          ],
          [
            31,
            2
          ],
          [
            32,
            13
          ],
          [
            33,
            16
          ],
          [
            34,
            19
          ],
          [
            35,
            10
          ],
          [
            36,
            23
          ],
          [
            37,
            38
          ],
          [
            38,
            5
          ],
          [
            39,
            3
          ]
        ]
      },
      "weight_over_degree": {
        "ordering": "weight_over_degree",
        "ordering_label": "Weight-over-degree ratio",
        "objective": 0.0,