{
  "n": 50,
  "seed": 3,
  "num_conflicts": 15619,
  "E0_objective": 0,
  "heuristic": "lagrangean_repair",
  "subgradient_LB": 4994.0,
  "subgradient_UB": 5.859681787857025e+22,
  "subgradient_iterations": 100,
  "subgradient_runtime": 1.0525007247924805,
  "heuristic_name": "lagrangean_repair",
  "heuristic_output": {
    "ordering_variants": {
      "dec_weight": {
        "ordering": "dec_weight",
        "ordering_label": "Decreasing weight",
        "objective": 4993.0,
        "feasible": true,
        "runtime_seconds": 0.011422872543334961,
        "core_size": 45,
        "assignment": [
          [
            0,
            7
          ],
          [
            1,
            30
          ],
          [
            2,
            27
          ],
          [
            3,
            10
          ],
          [
            4,
            31
          ],
          [
            5,
            8
          ],
          [
            6,
            4
          ],
          [
            7,
            5
          ],
          [
            8,
            9
          ],
          [
            9,
            1
          ],
          [
            10,
            36
          ],
          [
            11,
            38
          ],
          [
            12,
            21
          ],
          [
            13,
            20
          ],
          [
            14,
            24
          ],
          [
            15,
            13
          ],
          [
            16,
            23
          ],
          [
            17,
            33
          ],
          [
            18,
            49
          ],
          [
            19,
            17
          ],
          [
            20,
            26
          ],
          [
            21,
            16
          ],
          [
            22,
            14
          ],
          [
            23,
            35
          ],
          [
            24,
            22
          ],
          [
            25,
            18
          ],
          [
            26,
            3
          ],
          [
            27,
            25
          ],
          [
            28,
            12
          ],
          [
            29,
            43
          ],
          [
            30,
            39
          ],
          [
            31,
            47
          ],
          [
            32,
            34
          ],
          [
            33,
            2
          ],
          [
            34,
            45
          ],
          [
            35,
            28
          ],
          [
            36,
            29
          ],
          [
            37,
            11
          ],
          [
            38,
            40
          ],
          [
            39,
            32
          ],
          [
            40,
            42
          ],
          [
            41,
            15
          ],
          [
            42,
            6
          ],
          [
            43,
            48
          ],
          [
            44,
            0
          ],
          [
            45,
            46
          ],
          [
            46,
            19
          ],
          [
            47,
            37
          ],
          [
            48,
            41
          ],
          [
            49,
            44
          ]
        ]
      },
      "inc_weight": {
        "ordering": "inc_weight",
        "ordering_label": "Increasing weight",
        "objective": 4993.0,
        "feasible": true,
        "runtime_seconds": 0.007802009582519531,
        "core_size": 45,
        "assignment": [
          [
            0,
            7
          ],
          [
            1,
            30
          ],
          [
            2,
            27
          ],
          [
            3,
            10
          ],
          [
            4,
            31
          ],
          [
            5,
            8
          ],
          [
            6,
            4
          ],
          [
            7,
            5
          ],
          [
            8,
            9
          ],
          [
            9,
            1
          ],
          [
            10,
            36
          ],
          [
            11,
            38
          ],
          [
            12,
            21
          ],
          [
            13,
            20
          ],
          [
            14,
            24
          ],
          [
            15,
            13
          ],
          [
            16,
            23
          ],
          [
            17,
            33
          ],
          [
            18,
            49
          ],
          [
            19,
            17
          ],
          [
            20,
            26
          ],
          [
            21,
            16
          ],
          [
            22,
            14
          ],
          [
            23,
            35
          ],
          [
            24,
            22
          ],
          [
            25,
            18
          ],
          [
            26,
            3
          ],
          [
            27,
            25
          ],
          [
            28,
            12
          ],
          [
            29,
            43
          ],
          [
            30,
            39
          ],
          [
            31,
            47
          ],
          [
            32,
            34
          ],
          [
            33,
            2
          ],
          [
            34,
            45
          ],
          [
            35,
            28
          ],
          [
            36,
            29
          ],
          [
            37,
            11
          ],
          [
            38,
            40
          ],
          [
            39,
            32
          ],
          [
            40,
            42
          ],
          [
            41,
            15
          ],
          [
            42,
            6
          ],
          [
            43,
            48
          ],
          [
            44,
            0
          ],
          [
            45,
            46
          ],
          [
            46,
            19
          ],
          [
            47,
            37
          ],
          [
            48,
            41
          ],
          [
            49,
            44
          ]
        ]
      },
      "inc_degree": {
        "ordering": "inc_degree",
        "ordering_label": "Increasing conflict degree",
        "objective": 4994.0,
        "feasible": true,
        "runtime_seconds": 0.008057117462158203,
        "core_size": 47,