{
  "n": 50,
  "seed": 5,
  "num_conflicts": 468562,
  "E0_objective": 0,
  "heuristic": "lagrangean_repair",
  "subgradient_LB": 0.0,
  "subgradient_UB": 4806.485907900943,
  "subgradient_iterations": 500,
  "subgradient_runtime": 156.97617864608765,
  "heuristic_name": "lagrangean_repair",
  "heuristic_output": {
    "ordering_variants": {
      "dec_weight": {
        "ordering": "dec_weight",
        "ordering_label": "Decreasing weight",
        "objective": 0.0,
        "feasible": true,
        "runtime_seconds": 0.3082561492919922,
        "core_size": 15,
        "assignment": [
          [
            0,
            11
          ],
          [
            1,
            18
          ],
          [
            2,
            9
          ],
          [
            3,
            37
          ],
          [
            4,
            28
          ],
          [
            5,
            26
          ],
          [
            6,
            42
          ],
          [
            7,
            46
          ],
          [
            8,
            48
          ],
          [
            9,
            38
          ],
          [
            10,
            21
          ],
          [
            11,
            45
          ],
          [
            12,
            49
          ],
          [
            13,
            31
          ],
          [
            14,
            27
          ],
          [
            15,
            35
          ],
          [
            16,
            17
          ],
          [
            17,
            20
          ],
          [
            18,
            14
          ],
          [
            19,
            19
          ],
          [
            20,
            4
          ],
          [
            21,
            2
          ],
          [
            22,
            25
          ],
          [
            23,
            12
          ],
          [
            24,
            43
          ],
          [
            25,
            5
          ],
          [
            26,
            8
          ],
          [
            27,
            13
          ],
          [
            28,
            32
          ],
          [
            29,
            36
          ],
          [
            30,
            0
          ],
          [
            31,
            34
          ],
          [
            32,
            6
          ],
          [
            33,
            24
          ],
          [
            34,
            40
          ],
          [
            35,
            30
          ],
          [
            36,
            23
          ],
          [
            37,
            7
          ],
          [
            38,
            10
          ],
          [
            39,
            3
          ],
          [
            40,
            15
          ],
          [
            41,
            29
          ],
          [
            42,
            1
          ],
          [
            43,
            33
          ],
          [
            44,
            41
          ],
          [
            45,
            44
          ],
          [
            46,
            22
          ],
          [
            47,
            47
          ],
          [
            48,
            16
          ],
          [
            49,
            39
          ]
        ]
      },
      "inc_weight": {
        "ordering": "inc_weight",
        "ordering_label": "Increasing weight",
        "objective": 0.0,
        "feasible": true,
        "runtime_seconds": 0.31024980545043945,
        "core_size": 13,
        "assignment": [
          [
            0,
            11
          ],
          [
            1,
            18
          ],
          [
            2,
            9
          ],
          [
            3,
            37
          ],
          [
            4,
            28
          ],
          [
            5,
            26
          ],
          [
            6,
            42
          ],
          [
            7,
            46
          ],
          [
            8,
            48
          ],
          [
            9,
            38
          ],
          [
            10,
            21
          ],
          [
            11,
            45
          ],
          [
            12,
            49
          ],
          [
            13,
            31
          ],
          [
            14,
            27
          ],
          [
            15,
            35
          ],
          [
            16,
            17
          ],
          [
            17,
            20
          ],
          [
            18,
            14
          ],
          [
            19,
            19
          ],
          [
            20,
            4
          ],
          [
            21,
            2
          ],
          [
            22,
            25
          ],
          [
            23,
            12
          ],
          [
            24,
            43
          ],
          [
            25,
            5
          ],
          [
            26,
            8
          ],
          [
            27,
            13
          ],
          [
            28,
            32
          ],
          [
            29,
            36
          ],
          [
            30,
            0
          ],
          [
            31,
            34
          ],
          [
            32,
            6
          ],
          [
            33,
            24
          ],
          [
            34,
            40
          ],
          [
            35,
            30
          ],
          [
            36,
            23
          ],
          [
            37,
            7
          ],
          [
            38,
            10
          ],
          [
            39,
            3
          ],
          [
            40,
            15
          ],
          [
            41,
            29
          ],
          [
            42,
            1
          ],
          [
            43,
            33
          ],
          [
            44,
            41
          ],
          [
            45,
            44
          ],
          [
            46,
            22
          ],
          [
            47,
            47
          ],
          [
            48,
            16
          ],
          [
            49,
            39
          ]
        ]
      },
      "inc_degree": {
        "ordering": "inc_degree",
        "ordering_label": "Increasing conflict degree",
        "objective": 0.0,
        "feasible": true,
        "runtime_seconds": 0.30822086334228516,
        "core_size": 16,