{
  "n": 50,
  "seed": 4,
  "num_conflicts": 15619,
  "E0_objective": 0,
  "heuristic": "lagrangean_repair",
  "subgradient_LB": 4995.0,
  "subgradient_UB": 4.906782997691976e+22,
  "subgradient_iterations": 100,
  "subgradient_runtime": 0.9805231094360352,
  "heuristic_name": "lagrangean_repair",
  "heuristic_output": {
    "ordering_variants": {
      "dec_weight": {
        "ordering": "dec_weight",
        "ordering_label": "Decreasing weight",
        "objective": 4995.0,
        "feasible": true,
        "runtime_seconds": 0.008846521377563477,
        "core_size": 48,
        "assignment": [
          [
            0,
            1
          ],
          [
            1,
            8
          ],
          [
            2,
            6
          ],
          [
            3,
            2
          ],
          [
            4,
            9
          ],
          [
            5,
            11
          ],
          [
            6,
            38
          ],
          [
            7,
            21
          ],
          [
            8,
            3
          ],
          [
            9,
            12
          ],
          [
            10,
            5
          ],
          [
            11,
            31
          ],
          [
            12,
            18
          ],
          [
            13,
            7
          ],
          [
            14,
            37
          ],
          [
            15,
            15
          ],
          [
            16,
            4
          ],
          [
            17,
            27
          ],
          [
            18,
            16
          ],
          [
            19,
            33
          ],
          [
            20,
            41
          ],
          [
            21,
            13
          ],
          [
            22,
            32
          ],
          [
            23,
            14
          ],
          [
            24,
            30
          ],
          [
            25,
            19
          ],
          [
            26,
            26
          ],
          [
            27,
            22
          ],
          [
            28,
            48
          ],
          [
            29,
            17
          ],
          [
            30,
            24
          ],
          [
            31,
            35
          ],
          [
            32,
            29
          ],
          [
            33,
            25
          ],
          [
            34,
            20
          ],
          [
            35,
            42
          ],
          [
            36,
            0
          ],
          [
            37,
            46
          ],
          [
            38,
            47
          ],
          [
            39,
            23
          ],
          [
            40,
            28
          ],
          [
            41,
            39
          ],
          [
            42,
            40
          ],
          [
            43,
            43
          ],
          [
            44,
            44
          ],
          [
            45,
            45
          ],
          [
            46,
            36
          ],
          [
            47,
            34
          ],
          [
            48,
            10
          ],
          [
            49,
            49
          ]
        ]
      },
      "inc_weight": {
        "ordering": "inc_weight",
        "ordering_label": "Increasing weight",
        "objective": 4995.0,
        "feasible": true,
        "runtime_seconds": 0.010934829711914062,
        "core_size": 48,
        "assignment": [
          [
            0,
            1
          ],
          [
            1,
            8
          ],
          [
            2,
            6
          ],
          [
            3,
            2
          ],
          [
            4,
            9
          ],
          [
            5,
            11
          ],
          [
            6,
            38
          ],
          [
            7,
            21
          ],
          [
            8,
            3
          ],
          [
            9,
            12
          ],
          [
            10,
            5
          ],
          [
            11,
            31
          ],
          [
            12,
            18
          ],
          [
            13,
            7
          ],
          [
            14,
            37
          ],
          [
            15,
            15
          ],
          [
            16,
            4
          ],
          [
            17,
            27
          ],
          [
            18,
            16
          ],
          [
            19,
            33
          ],
          [
            20,
            41
          ],
          [
            21,
            13
          ],
          [
            22,
            32
          ],
          [
            23,
            14
          ],
          [
            24,
            30
          ],
          [
            25,
            19
          ],
          [
            26,
            26
          ],
          [
            27,
            22
          ],
          [
            28,
            48
          ],
          [
            29,
            17
          ],
          [
            30,
            24
          ],
          [
            31,
            35
          ],
          [
            32,
            29
          ],
          [
            33,
            25
          ],
          [
            34,
            20
          ],
          [
            35,
            42
          ],
          [
            36,
            0
          ],
          [
            37,
            46
          ],
          [
            38,
            47
          ],
          [
            39,
            23
          ],
          [
            40,
            28
          ],
          [
            41,
            39
          ],
          [
            42,
            40
          ],
          [
            43,
            43
          ],
          [
            44,
            44
          ],
          [
            45,
            45
          ],
          [
            46,
            36
          ],
          [
            47,
            34
          ],
          [
            48,
            10
          ],
          [
            49,
            49
          ]
        ]
      },
      "inc_degree": {
        "ordering": "inc_degree",
        "ordering_label": "Increasing conflict degree",
        "objective": 4995.0,
        "feasible": true,
        "runtime_seconds": 0.010499715805053711,
        "core_size": 48,