{
  "n": 75,
  "seed": 4,
  "num_conflicts": 791,
  "E0_objective": 0,
  "heuristic": "lagrangean_repair",
  "subgradient_LB": 7359.0,
  "subgradient_UB": 7359.0,
  "subgradient_iterations": 1,
  "subgradient_runtime": 0.0001804828643798828,
  "heuristic_name": "lagrangean_repair",
  "heuristic_output": {
    "ordering_variants": {
      "dec_weight": {
        "ordering": "dec_weight",
        "ordering_label": "Decreasing weight",
        "objective": 0.0,
        "feasible": true,
        "runtime_seconds": 0.0008382797241210938,
        "core_size": 75,
        "assignment": [
          [
            0,
            62
          ],
          [
            1,
            67
          ],
          [
            2,
            46
          ],
          [
            3,
            45
          ],
          [
            4,
            60
          ],
          [
            5,
            31
          ],
          [
            6,
            47
          ],
          [
            7,
            20
          ],
          [
            8,
            65
          ],
          [
            9,
            43
          ],
          [
            10,
            35
          ],
          [
            11,
            4
          ],
          [
            12,
            3
          ],
          [
            13,
            66
          ],
          [
            14,
            63
          ],
          [
            15,
            28
          ],
          [
            16,
            39
          ],
          [
            17,
            22
          ],
          [
            18,
            55
          ],
          [
            19,
            54
          ],
          [
            20,
            57
          ],
          [
            21,
            42
          ],
          [
            22,
            44
          ],
          [
            23,
            25
          ],
          [
            24,
            0
          ],
          [
            25,
            9
          ],
          [
            26,
            64
          ],
          [
            27,
            27
          ],
          [
            28,
            26
          ],
          [
            29,
            29
          ],
          [
            30,
            70
          ],
          [
            31,
            71
          ],
          [
            32,
            48
          ],
          [
            33,
            74
          ],
          [
            34,
            36
          ],
          [
            35,
            56
          ],
          [
            36,
            15
          ],
          [
            37,
            32
          ],
          [
            38,
            24
          ],
          [
            39,
            21
          ],
          [
            40,
            73
          ],
          [
            41,
            5
          ],
          [
            42,
            59
          ],
          [
            43,
            40
          ],
          [
            44,
            18
          ],
          [
            45,
            69
          ],
          [
            46,
            10
          ],
          [
            47,
            12
          ],
          [
            48,
            58
          ],
          [
            49,
            53
          ],
          [
            50,
            41
          ],
          [
            51,
            1
          ],
          [
            52,
            72
          ],
          [
            53,
            16
          ],
          [
            54,
            6
          ],
          [
            55,
            52
          ],
          [
            56,
            68
          ],
          [
            57,
            49
          ],
          [
            58,
            17
          ],
          [
            59,
            23
          ],
          [
            60,
            34
          ],
          [
            61,
            33
          ],
          [
            62,
            14
          ],
          [
            63,
            7
          ],
          [
            64,
            37
          ],
          [
            65,
            51
          ],
          [
            66,
            2
          ],
          [
            67,
            8
          ],
          [
            68,
            11
          ],
          [
            69,
            19
          ],
          [
            70,
            61
          ],
          [
            71,
            50
          ],
          [
            72,
            13
          ],
          [
            73,
            38
          ],
          [
            74,
            30
          ]
        ]
      },
      "inc_weight": {
        "ordering": "inc_weight",
        "ordering_label": "Increasing weight",
        "objective": 0.0,
        "feasible": true,
        "runtime_seconds": 0.00060272216796875,
        "core_size": 75,