{
  "n": 50,
  "seed": 3,
  "num_conflicts": 249900,
  "E0_objective": 0,
  "heuristic": "lagrangean_repair",
  "subgradient_LB": 0.0,
  "subgradient_UB": 4855.456901226728,
  "subgradient_iterations": 500,
  "subgradient_runtime": 91.2501311302185,
  "heuristic_name": "lagrangean_repair",
  "heuristic_output": {
    "ordering_variants": {
      "dec_weight": {
        "ordering": "dec_weight",
        "ordering_label": "Decreasing weight",
        "objective": 0.0,
        "feasible": true,
        "runtime_seconds": 0.18225622177124023,
        "core_size": 17,
        "assignment": [
          [
            0,
            25
          ],
          [
            1,
            49
          ],
          [
            2,
            11
          ],
          [
            3,
            17
          ],
          [
            4,
            3
          ],
          [
            5,
            22
          ],
          [
            6,
            19
          ],
          [
            7,
            46
          ],
          [
            8,
            10
          ],
          [
            9,
            6
          ],
          [
            10,
            45
          ],
          [
            11,
            26
          ],
          [
            12,
            24
          ],
          [
            13,
            47
          ],
          [
            14,
            13
          ],
          [
            15,
            21
          ],
          [
            16,
            9
          ],
          [
            17,
            1
          ],
          [
            18,
            18
          ],
          [
            19,
            5
          ],
          [
            20,
            2
          ],
          [
            21,
            39
          ],
          [
            22,
            31
          ],
          [
            23,
            36
          ],
          [
            24,
            28
          ],
          [
            25,
            29
          ],
          [
            26,
            7
          ],
          [
            27,
            42
          ],
          [
            28,
            27
          ],
          [
            29,
            20
          ],
          [
            30,
            33
          ],
          [
            31,
            32
          ],
          [
            32,
            41
          ],
          [
            33,
            12
          ],
          [
            34,
            14
          ],
          [
            35,
            35
          ],
          [
            36,
            16
          ],
          [
            37,
            43
          ],
          [
            38,
            0
          ],
          [
            39,
            44
          ],
          [
            40,
            4
          ],
          [
            41,
            48
          ],
          [
            42,
            40
          ],
          [
            43,
            30
          ],
          [
            44,
            38
          ],
          [
            45,
            23
          ],
          [
            46,
            8
          ],
          [
            47,
            34
          ],
          [
            48,
            37
          ],
          [
            49,
            15
          ]
        ]
      },
      "inc_weight": {
        "ordering": "inc_weight",
        "ordering_label": "Increasing weight",
        "objective": 0.0,
        "feasible": true,
        "runtime_seconds": 0.1609179973602295,
        "core_size": 19,
        "assignment": [
          [
            0,
            25
          ],
          [
            1,
            49
          ],
          [
            2,
            11
          ],
          [
            3,
            17
          ],
          [
            4,
            3
          ],
          [
            5,
            22
          ],
          [
            6,
            19
          ],
          [
            7,
            46
          ],
          [
            8,
            10
          ],
          [
            9,
            6
          ],
          [
            10,
            45
          ],
          [
            11,
            26
          ],
          [
            12,
            24
          ],
          [
            13,
            47
          ],
          [
            14,
            13
          ],
          [
            15,
            21
          ],
          [
            16,
            9
          ],
          [
            17,
            1
          ],
          [
            18,
            18
          ],
          [
            19,
            5
          ],
          [
            20,
            2
          ],
          [
            21,
            39
          ],
          [
            22,
            31
          ],
          [
            23,
            36
          ],
          [
            24,
            28
          ],
          [
            25,
            29
          ],
          [
            26,
            7
          ],
          [
            27,
            42
          ],
          [
            28,
            27
          ],
          [
            29,
            20
          ],
          [
            30,
            33
          ],
          [
            31,
            32
          ],
          [
            32,
            41
          ],
          [
            33,
            12
          ],
          [
            34,
            14
          ],
          [
            35,
            35
          ],
          [
            36,
            16
          ],
          [
            37,
            43
          ],
          [
            38,
            0
          ],
          [
            39,
            44
          ],
          [
            40,
            4
          ],
          [
            41,
            48
          ],
          [
            42,
            40
          ],
          [
            43,
            30
          ],
          [
            44,
            38
          ],
          [
            45,
            23
          ],
          [
            46,
            8
          ],
          [
            47,
            34
          ],
          [
            48,
            37
          ],
          [
            49,
            15
          ]
        ]
      },
      "inc_degree": {
        "ordering": "inc_degree",
        "ordering_label": "Increasing conflict degree",
        "objective": 0.0,
        "feasible": true,
        "runtime_seconds": 0.17011761665344238,
        "core_size": 23,