{
  "n": 50,
  "seed": 7,
  "num_conflicts": 24990,
  "E0_objective": 0,
  "heuristic": "lagrangean_repair",
  "subgradient_LB": 4643.0,
  "subgradient_UB": 2.129164028737853e+24,
  "subgradient_iterations": 100,
  "subgradient_runtime": 1.9973115921020508,
  "heuristic_name": "lagrangean_repair",
  "heuristic_output": {
    "ordering_variants": {
      "dec_weight": {
        "ordering": "dec_weight",
        "ordering_label": "Decreasing weight",
        "objective": 4686.0,
        "feasible": true,
        "runtime_seconds": 0.02104806900024414,
        "core_size": 42,
        "assignment": [
          [
            0,
            43
          ],
          [
            1,
            2
          ],
          [
            2,
            48
          ],
          [
            3,
            11
          ],
          [
            4,
            24
          ],
          [
            5,
            9
          ],
          [
            6,
            14
          ],
          [
            7,
            36
          ],
          [
            8,
            23
          ],
          [
            9,
            41
          ],
          [
            10,
            32
          ],
          [
            11,
            21
          ],
          [
            12,
            35
          ],
          [
            13,
            17
          ],
          [
            14,
            19
          ],
          [
            15,
            27
          ],
          [
            16,
            8
          ],
          [
            17,
            25
          ],
          [
            18,
            40
          ],
          [
            19,
            34
          ],
          [
            20,
            26
          ],
          [
            21,
            39
          ],
          [
            22,
            46
          ],
          [
            23,
            3
          ],
          [
            24,
            47
          ],
          [
            25,
            5
          ],
          [
            26,
            20
          ],
          [
            27,
            16
          ],
          [
            28,
            37
          ],
          [
            29,
            1
          ],
          [
            30,
            44
          ],
          [
            31,
            33
          ],
          [
            32,
            49
          ],
          [
            33,
            29
          ],
          [
            34,
            22
          ],
          [
            35,
            45
          ],
          [
            36,
            7
          ],
          [
            37,
            38
          ],
          [
            38,
            30
          ],
          [
            39,
            6
          ],
          [
            40,
            18
          ],
          [
            41,
            12
          ],
          [
            42,
            28
          ],
          [
            43,
            13
          ],
          [
            44,
            15
          ],
          [
            45,
            42
          ],
          [
            46,
            0
          ],
          [
            47,
            10
          ],
          [
            48,
            4
          ],
          [
            49,
            31
          ]
        ]
      },
      "inc_weight": {
        "ordering": "inc_weight",
        "ordering_label": "Increasing weight",
        "objective": 4618.0,
        "feasible": true,
        "runtime_seconds": 0.05509138107299805,
        "core_size": 41,
        "assignment": [
          [
            0,
            43
          ],
          [
            1,
            2
          ],
          [
            2,
            37
          ],
          [
            3,
            11
          ],
          [
            4,
            24
          ],
          [
            5,
            9
          ],
          [
            6,
            14
          ],
          [
            7,
            36
          ],
          [
            8,
            23
          ],
          [
            9,
            48
          ],
          [
            10,
            32
          ],
          [
            11,
            21
          ],
          [
            12,
            35
          ],
          [
            13,
            17
          ],
          [
            14,
            19
          ],
          [
            15,
            3
          ],
          [
            16,
            31
          ],
          [
            17,
            25
          ],
          [
            18,
            40
          ],
          [
            19,
            34
          ],
          [
            20,
            30
          ],
          [
            21,
            39
          ],
          [
            22,
            46
          ],
          [
            23,
            26
          ],
          [
            24,
            27
          ],
          [
            25,
            5
          ],
          [
            26,
            20
          ],
          [
            27,
            16
          ],
          [
            28,
            8
          ],
          [
            29,
            1
          ],
          [
            30,
            44
          ],
          [
            31,
            33
          ],
          [
            32,
            49
          ],
          [
            33,
            29
          ],
          [
            34,
            22
          ],
          [
            35,
            45
          ],
          [
            36,
            7
          ],
          [
            37,
            38
          ],
          [
            38,
            47
          ],
          [
            39,
            6
          ],
          [
            40,
            18
          ],
          [
            41,
            12
          ],
          [
            42,
            28
          ],
          [
            43,
            41
          ],
          [
            44,
            15
          ],
          [
            45,
            42
          ],
          [
            46,
            4
          ],
          [
            47,
            10
          ],
          [
            48,
            0
          ],
          [
            49,
            13
          ]
        ]
      },
      "inc_degree": {
        "ordering": "inc_degree",
        "ordering_label": "Increasing conflict degree",
        "objective": 4643.0,
        "feasible": true,
        "runtime_seconds": 0.014174699783325195,
        "core_size": 42,