{
  "n": 50,
  "seed": 6,
  "num_conflicts": 3124,
  "E0_objective": 0,
  "heuristic": "lagrangean_repair",
  "subgradient_LB": 4727.0,
  "subgradient_UB": 4831.204667548497,
  "subgradient_iterations": 500,
  "subgradient_runtime": 1.2024776935577393,
  "heuristic_name": "lagrangean_repair",
  "heuristic_output": {
    "ordering_variants": {
      "dec_weight": {
        "ordering": "dec_weight",
        "ordering_label": "Decreasing weight",
        "objective": 0.0,
        "feasible": true,
        "runtime_seconds": 0.002160787582397461,
        "core_size": 49,
        "assignment": [
          [
            0,
            48
          ],
          [
            1,
            32
          ],
          [
            2,
            14
          ],
          [
            3,
            46
          ],
          [
            4,
            40
          ],
          [
            5,
            15
          ],
          [
            6,
            43
          ],
          [
            7,
            44
          ],
          [
            8,
            35
          ],
          [
            9,
            4
          ],
          [
            10,
            33
          ],
          [
            11,
            3
          ],
          [
            12,
            41
          ],
          [
            13,
            29
          ],
          [
            14,
            7
          ],
          [
            15,
            27
          ],
          [
            16,
            38
          ],
          [
            17,
            11
          ],
          [
            18,
            28
          ],
          [
            19,
            10
          ],
          [
            20,
            13
          ],
          [
            21,
            45
          ],
          [
            22,
            24
          ],
          [
            23,
            19
          ],
          [
            24,
            21
          ],
          [
            25,
            8
          ],
          [
            26,
            39
          ],
          [
            27,
            25
          ],
          [
            28,
            22
          ],
          [
            29,
            49
          ],
          [
            30,
            18
          ],
          [
            31,
            34
          ],
          [
            32,
            6
          ],
          [
            33,
            26
          ],
          [
            34,
            12
          ],
          [
            35,
            47
          ],
          [
            36,
            17
          ],
          [
            37,
            1
          ],
          [
            38,
            20
          ],
          [
            39,
            23
          ],
          [
            40,
            30
          ],
          [
            41,
            37
          ],
          [
            42,
            42
          ],
          [
            43,
            9
          ],
          [
            44,
            0
          ],
          [
            45,
            2
          ],
          [
            46,
            16
          ],
          [
            47,
            31
          ],
          [
            48,
            5
          ],
          [
            49,
            36
          ]
        ]
      },
      "inc_weight": {
        "ordering": "inc_weight",
        "ordering_label": "Increasing weight",
        "objective": 0.0,
        "feasible": true,
        "runtime_seconds": 0.0025756359100341797,
        "core_size": 49,
        "assignment": [
          [
            0,
            48
          ],
          [
            1,
            32
          ],
          [
            2,
            14
          ],
          [
            3,
            46
          ],
          [
            4,
            40
          ],
          [
            5,
            15
          ],
          [
            6,
            43
          ],
          [
            7,
            44
          ],
          [
            8,
            35
          ],
          [
            9,
            4
          ],
          [
            10,
            33
          ],
          [
            11,
            3
          ],
          [
            12,
            41
          ],
          [
            13,
            29
          ],
          [
            14,
            7
          ],
          [
            15,
            27
          ],
          [
            16,
            38
          ],
          [
            17,
            11
          ],
          [
            18,
            28
          ],
          [
            19,
            10
          ],
          [
            20,
            13
          ],
          [
            21,
            45
          ],
          [
            22,
            24
          ],
          [
            23,
            19
          ],
          [
            24,
            21
          ],
          [
            25,
            8
          ],
          [
            26,
            39
          ],
          [
            27,
            25
          ],
          [
            28,
            22
          ],
          [
            29,
            49
          ],
          [
            30,
            18
          ],
          [
            31,
            34
          ],
          [
            32,
            6
          ],
          [
            33,
            26
          ],
          [
            34,
            12
          ],
          [
            35,
            47
          ],
          [
            36,
            17
          ],
          [
            37,
            1
          ],
          [
            38,
            20
          ],
          [
            39,
            23
          ],
          [
            40,
            30
          ],
          [
            41,
            37
          ],
          [
            42,
            42
          ],
          [
            43,
            9
          ],
          [
            44,
            0
          ],
          [
            45,
            2
          ],
          [
            46,
            16
          ],
          [
            47,
            31
          ],
          [
            48,
            5
          ],
          [
            49,
            36
          ]
        ]
      },
      "inc_degree": {
        "ordering": "inc_degree",
        "ordering_label": "Increasing conflict degree",
        "objective": 0.0,
        "feasible": true,
        "runtime_seconds": 0.005871772766113281,
        "core_size": 49,