{
  "n": 40,
  "seed": 3,
  "num_conflicts": 145922,
  "E0_objective": 0,
  "heuristic": "lagrangean_repair",
  "subgradient_LB": 0.0,
  "subgradient_UB": 3835.7123431088103,
  "subgradient_iterations": 500,
  "subgradient_runtime": 56.56766653060913,
  "heuristic_name": "lagrangean_repair",
  "heuristic_output": {
    "ordering_variants": {
      "dec_weight": {
        "ordering": "dec_weight",
        "ordering_label": "Decreasing weight",
        "objective": 0.0,
        "feasible": true,
        "runtime_seconds": 0.10755252838134766,
        "core_size": 19,
        "assignment": [
          [
            0,
            5
          ],
          [
            1,
            14
          ],
          [
            2,
            18
          ],
          [
            3,
            3
          ],
          [
            4,
            26
          ],
          [
            5,
            31
          ],
          [
            6,
            27
          ],
          [
            7,
            35
          ],
          [
            8,
            13
          ],
          [
            9,
            9
          ],
          [
            10,
            2
          ],
          [
            11,
            1
          ],
          [
            12,
            10
          ],
          [
            13,
            32
          ],
          [
            14,
            11
          ],
          [
            15,
            21
          ],
          [
            16,
            16
          ],
          [
            17,
            19
          ],
          [
            18,
            28
          ],
          [
            19,
            33
          ],
          [
            20,
            20
          ],
          [
            21,
            12
          ],
          [
            22,
            25
          ],
          [
            23,
            24
          ],
          [
            24,
            29
          ],
          [
            25,
            39
          ],
          [
            26,
            22
          ],
          [
            27,
            6
          ],
          [
            28,
            7
          ],
          [
            29,
            17
          ],
          [
            30,
            36
          ],
          [
            31,
            38
          ],
          [
            32,
            0
          ],
          [
            33,
            4
          ],
          [
            34,
            30
          ],
          [
            35,
            23
          ],
          [
            36,
            8
          ],
          [
            37,
            34
          ],
          [
            38,
            37
          ],
          [
            39,
            15
          ]
        ]
      },
      "inc_weight": {
        "ordering": "inc_weight",
        "ordering_label": "Increasing weight",
        "objective": 0.0,
        "feasible": true,
        "runtime_seconds": 0.10212326049804688,
        "core_size": 16,
        "assignment": [
          [
            0,
            5
          ],
          [
            1,
            14
          ],
          [
            2,
            18
          ],
          [
            3,
            3
          ],
          [
            4,
            26
          ],
          [
            5,
            31
          ],
          [
            6,
            27
          ],
          [
            7,
            35
          ],
          [
            8,
            13
          ],
          [
            9,
            9
          ],
          [
            10,
            2
          ],
          [
            11,
            1
          ],
          [
            12,
            10
          ],
          [
            13,
            32
          ],
          [
            14,
            11
          ],
          [
            15,
            21
          ],
          [
            16,
            16
          ],
          [
            17,
            19
          ],
          [
            18,
            28
          ],
          [
            19,
            33
          ],
          [
            20,
            20
          ],
          [
            21,
            12
          ],
          [
            22,
            25
          ],
          [
            23,
            24
          ],
          [
            24,
            29
          ],
          [
            25,
            39
          ],
          [
            26,
            22
          ],
          [
            27,
            6
          ],
          [
            28,
            7
          ],
          [
            29,
            17
          ],
          [
            30,
            36
          ],
          [
            31,
            38
          ],
          [
            32,
            0
          ],
          [
            33,
            4
          ],
          [
            34,
            30
          ],
          [
            35,
            23
          ],
          [
            36,
            8
          ],
          [
            37,
            34
          ],
          [
            38,
            37
          ],
          [
            39,
            15
          ]
        ]
      },
      "inc_degree": {
        "ordering": "inc_degree",
        "ordering_label": "Increasing conflict degree",
        "objective": 0.0,
        "feasible": true,
        "runtime_seconds": 0.11820793151855469,
        "core_size": 20,
        "assignment": [
          [
            0,
            5
          ],
          [
            1,
            14
          ],
          [
            2,
            18
          ],
          [
            3,
            3
          ],
          [
            4,
            26
          ],
          [
            5,
            31
          ],
          [
            6,
            27
          ],
          [
            7,
            35
          ],
          [
            8,
            13
          ],
          [
            9,
            9
          ],
          [
            10,
            2
          ],
          [
            11,
            1
          ],
          [
            12,
            10
          ],
          [
            13,
            32
          ],
          [
            14,
            11
          ],
          [
            15,
            21
          ],
          [
            16,
            16
          ],
          [
            17,
            19
          ],
          [
            18,
            28
          ],
          [
            19,
            33
          ],
          [
            20,
            20
          ],
          [
            21,
            12
          ],
          [
            22,
            25
          ],
          [
            23,
            24
          ],
          [
            24,
            29
          ],
          [
            25,
            39
          ],
          [
            26,
            22
          ],
          [
            27,
            6
          ],
          [
            28,
            7
          ],
          [
            29,
            17
          ],
          [
            30,
            36
          ],
          [
            31,
            38
          ],
          [
            32,
            0
          ],
          [
            33,
            4
          ],
          [
            34,
            30
          ],
          [
            35,
            23
          ],
          [
            36,
            8
          ],
          [
            37,
            34
          ],
          [
            38,
            37
          ],
          [
            39,
            15
          ]
        ]
      },
      "weight_over_degree": {
        "ordering": "weight_over_degree",
        "ordering_label": "Weight-over-degree ratio",
        "objective": 0.0,
        "feasible": true,