{
  "n": 40,
  "seed": 1,
  "num_conflicts": 6080,
  "E0_objective": 0,
  "heuristic": "lagrangean_repair",
  "subgradient_LB": 4000.0,
  "subgradient_UB": 4000.00017235145,
  "subgradient_iterations": 500,
  "subgradient_runtime": 2.0277180671691895,
  "heuristic_name": "lagrangean_repair",
  "heuristic_output": {
    "ordering_variants": {
      "dec_weight": {
        "ordering": "dec_weight",
        "ordering_label": "Decreasing weight",
        "objective": 3991.0,
        "feasible": true,
        "runtime_seconds": 0.004534006118774414,
        "core_size": 38,
        "assignment": [
          [
            0,
            32
          ],
          [
            1,
            6
          ],
          [
            2,
            9
          ],
          [
            3,
            34
          ],
          [
            4,
            7
          ],
          [
            5,
            3
          ],
          [
            6,
            12
          ],
          [
            7,
            8
          ],
          [
            8,
            25
          ],
          [
            9,
            16
          ],
          [
            10,
            13
          ],
          [
            11,
            1
          ],
          [
            12,
            18
          ],
          [
            13,
            10
          ],
          [
            14,
            23
          ],
          [
            15,
            2
          ],
          [
            16,
            39
          ],
          [
            17,
            15
          ],
          [
            18,
            11
          ],
          [
            19,
            5
          ],
          [
            20,
            35
          ],
          [
            21,
            4
          ],
          [
            22,
            36
          ],
          [
            23,
            37
          ],
          [
            24,
            29
          ],
          [
            25,
            21
          ],
          [
            26,
            14
          ],
          [
            27,
            27
          ],
          [
            28,
            38
          ],
          [
            29,
            22
          ],
          [
            30,
            26
          ],
          [
            31,
            19
          ],
          [
            32,
            20
          ],
          [
            33,
            0
          ],
          [
            34,
            17
          ],
          [
            35,
            28
          ],
          [
            36,
            30
          ],
          [
            37,
            31
          ],
          [
            38,
            33
          ],
          [
            39,
            24
          ]
        ]
      },
      "inc_weight": {
        "ordering": "inc_weight",
        "ordering_label": "Increasing weight",
        "objective": 3991.0,
        "feasible": true,
        "runtime_seconds": 0.0032308101654052734,
        "core_size": 38,
        "assignment": [
          [
            0,
            32
          ],
          [
            1,
            6
          ],
          [
            2,
            9
          ],
          [
            3,
            34
          ],
          [
            4,
            7
          ],
          [
            5,
            3
          ],
          [
            6,
            12
          ],
          [
            7,
            8
          ],
          [
            8,
            25
          ],
          [
            9,
            16
          ],
          [
            10,
            13
          ],
          [
            11,
            1
          ],
          [
            12,
            18
          ],
          [
            13,
            10
          ],
          [
            14,
            23
          ],
          [
            15,
            2
          ],
          [
            16,
            39
          ],
          [
            17,
            15
          ],
          [
            18,
            11
          ],
          [
            19,
            5
          ],
          [
            20,
            35
          ],
          [
            21,
            4
          ],
          [
            22,
            36
          ],
          [
            23,
            37
          ],
          [
            24,
            29
          ],
          [
            25,
            21
          ],
          [
            26,
            14
          ],
          [
            27,
            27
          ],
          [
            28,
            38
          ],
          [
            29,
            22
          ],
          [
            30,
            26
          ],
          [
            31,
            19
          ],
          [
            32,
            20
          ],
          [
            33,
            0
          ],
          [
            34,
            17
          ],
          [
            35,
            28
          ],
          [
            36,
            30
          ],
          [
            37,
            31
          ],
          [
            38,
            33
          ],
          [
            39,
            24
          ]
        ]
      },
      "inc_degree": {
        "ordering": "inc_degree",
        "ordering_label": "Increasing conflict degree",
        "objective": 3991.0,
        "feasible": true,
        "runtime_seconds": 0.00544428825378418,
        "core_size": 38,
        "assignment": [
          [
            0,
            32
          ],
          [
            1,
            6
          ],
          [
            2,
            9
          ],
          [
            3,
            34
          ],
          [
            4,
            7
          ],
          [
            5,
            3
          ],
          [
            6,
            12
          ],
          [
            7,
            8
          ],
          [
            8,
            25
          ],
          [
            9,
            16
          ],
          [
            10,
            13
          ],
          [
            11,
            1
          ],
          [
            12,
            18
          ],
          [
            13,
            10
          ],
          [
            14,
            23
          ],
          [
            15,
            2
          ],
          [
            16,
            39
          ],
          [
            17,
            15
          ],
          [
            18,
            11
          ],
          [
            19,
            5
          ],
          [
            20,
            35
          ],
          [
            21,
            4
          ],
          [
            22,
            36
          ],
          [
            23,
            37
          ],
          [
            24,
            29
          ],
          [
            25,
            21
          ],
          [
            26,
            14
          ],
          [
            27,
            27
          ],
          [
            28,
            38
          ],
          [
            29,
            22
          ],
          [
            30,
            26
          ],
          [
            31,
            19
          ],
          [
            32,
            20
          ],
          [
            33,
            0
          ],
          [
            34,
            17
          ],
          [
            35,
            28
          ],
          [
            36,
            30
          ],
          [
            37,
            31
          ],
          [
            38,
            33
          ],
          [
            39,
            24
          ]
        ]
      },
      "weight_over_degree": {
        "ordering": "weight_over_degree",
        "ordering_label": "Weight-over-degree ratio",
        "objective": 3991.0,