{
  "n": 75,
  "seed": 1,
  "num_conflicts": 1582,
  "E0_objective": 0,
  "heuristic": "lagrangean_repair",
  "subgradient_LB": 7271.0,
  "subgradient_UB": 1.0502388247831297e+24,
  "subgradient_iterations": 100,
  "subgradient_runtime": 0.17807984352111816,
  "heuristic_name": "lagrangean_repair",
  "heuristic_output": {
    "ordering_variants": {
      "dec_weight": {
        "ordering": "dec_weight",
        "ordering_label": "Decreasing weight",
        "objective": 7271.0,
        "feasible": true,
        "runtime_seconds": 0.002170085906982422,
        "core_size": 72,
        "assignment": [
          [
            0,
            66
          ],
          [
            1,
            50
          ],
          [
            2,
            14
          ],
          [
            3,
            29
          ],
          [
            4,
            69
          ],
          [
            5,
            38
          ],
          [
            6,
            1
          ],
          [
            7,
            47
          ],
          [
            8,
            64
          ],
          [
            9,
            35
          ],
          [
            10,
            28
          ],
          [
            11,
            24
          ],
          [
            12,
            8
          ],
          [
            13,
            22
          ],
          [
            14,
            16
          ],
          [
            15,
            55
          ],
          [
            16,
            13
          ],
          [
            17,
            33
          ],
          [
            18,
            37
          ],
          [
            19,
            45
          ],
          [
            20,
            20
          ],
          [
            21,
            70
          ],
          [
            22,
            4
          ],
          [
            23,
            18
          ],
          [
            24,
            32
          ],
          [
            25,
            31
          ],
          [
            26,
            42
          ],
          [
            27,
            23
          ],
          [
            28,
            43
          ],
          [
            29,
            72
          ],
          [
            30,
            57
          ],
          [
            31,
            27
          ],
          [
            32,
            74
          ],
          [
            33,
            73
          ],
          [
            34,
            61
          ],
          [
            35,
            9
          ],
          [
            36,
            49
          ],
          [
            37,
            53
          ],
          [
            38,
            6
          ],
          [
            39,
            67
          ],
          [
            40,
            44
          ],
          [
            41,
            2
          ],
          [
            42,
            56
          ],
          [
            43,
            62
          ],
          [
            44,
            17
          ],
          [
            45,
            60
          ],
          [
            46,
            51
          ],
          [
            47,
            40
          ],
          [
            48,
            54
          ],
          [
            49,
            58
          ],
          [
            50,
            3
          ],
          [
            51,
            10
          ],
          [
            52,
            59
          ],
          [
            53,
            19
          ],
          [
            54,
            48
          ],
          [
            55,
            21
          ],
          [
            56,
            71
          ],
          [
            57,
            63
          ],
          [
            58,
            68
          ],
          [
            59,
            30
          ],
          [
            60,
            65
          ],
          [
            61,
            25
          ],
          [
            62,
            26
          ],
          [
            63,
            12
          ],
          [
            64,
            15
          ],
          [
            65,
            36
          ],
          [
            66,
            11
          ],
          [
            67,
            34
          ],
          [
            68,
            52
          ],
          [
            69,
            0
          ],
          [
            70,
            41
          ],
          [
            71,
            5
          ],
          [
            72,
            39
          ],
          [
            73,
            7
          ],
          [
            74,
            46
          ]
        ]
      },
      "inc_weight": {
        "ordering": "inc_weight",
        "ordering_label": "Increasing weight",
        "objective": 7238.0,
        "feasible": true,
        "runtime_seconds": 0.0013811588287353516,
        "core_size": 72,