{
  "n": 50,
  "seed": 4,
  "num_conflicts": 9371,
  "E0_objective": 0,
  "heuristic": "lagrangean_repair",
  "subgradient_LB": 4754.0,
  "subgradient_UB": 4866.87004568419,
  "subgradient_iterations": 500,
  "subgradient_runtime": 3.131596803665161,
  "heuristic_name": "lagrangean_repair",
  "heuristic_output": {
    "ordering_variants": {
      "dec_weight": {
        "ordering": "dec_weight",
        "ordering_label": "Decreasing weight",
        "objective": 4723.0,
        "feasible": true,
        "runtime_seconds": 0.006008625030517578,
        "core_size": 46,
        "assignment": [
          [
            0,
            9
          ],
          [
            1,
            20
          ],
          [
            2,
            24
          ],
          [
            3,
            12
          ],
          [
            4,
            5
          ],
          [
            5,
            8
          ],
          [
            6,
            14
          ],
          [
            7,
            37
          ],
          [
            8,
            10
          ],
          [
            9,
            46
          ],
          [
            10,
            41
          ],
          [
            11,
            11
          ],
          [
            12,
            40
          ],
          [
            13,
            35
          ],
          [
            14,
            22
          ],
          [
            15,
            3
          ],
          [
            16,
            16
          ],
          [
            17,
            36
          ],
          [
            18,
            18
          ],
          [
            19,
            44
          ],
          [
            20,
            45
          ],
          [
            21,
            39
          ],
          [
            22,
            13
          ],
          [
            23,
            27
          ],
          [
            24,
            19
          ],
          [
            25,
            6
          ],
          [
            26,
            47
          ],
          [
            27,
            0
          ],
          [
            28,
            31
          ],
          [
            29,
            4
          ],
          [
            30,
            17
          ],
          [
            31,
            7
          ],
          [
            32,
            21
          ],
          [
            33,
            28
          ],
          [
            34,
            42
          ],
          [
            35,
            23
          ],
          [
            36,
            1
          ],
          [
            37,
            30
          ],
          [
            38,
            2
          ],
          [
            39,
            38
          ],
          [
            40,
            29
          ],
          [
            41,
            49
          ],
          [
            42,
            43
          ],
          [
            43,
            15
          ],
          [
            44,
            25
          ],
          [
            45,
            34
          ],
          [
            46,
            33
          ],
          [
            47,
            32
          ],
          [
            48,
            48
          ],
          [
            49,
            26
          ]
        ]
      },
      "inc_weight": {
        "ordering": "inc_weight",
        "ordering_label": "Increasing weight",
        "objective": 4488.0,
        "feasible": true,
        "runtime_seconds": 0.005724668502807617,
        "core_size": 45,
        "assignment": [
          [
            0,
            9
          ],
          [
            1,
            20
          ],
          [
            2,
            24
          ],
          [
            3,
            12
          ],
          [
            4,
            5
          ],
          [
            5,
            8
          ],
          [
            6,
            14
          ],
          [
            7,
            10
          ],
          [
            8,
            35
          ],
          [
            9,
            46
          ],
          [
            10,
            41
          ],
          [
            11,
            11
          ],
          [
            12,
            40
          ],
          [
            13,
            15
          ],
          [
            14,
            22
          ],
          [
            15,
            3
          ],
          [
            16,
            16
          ],
          [
            17,
            36
          ],
          [
            18,
            18
          ],
          [
            19,
            44
          ],
          [
            20,
            45
          ],
          [
            21,
            39
          ],
          [
            22,
            13
          ],
          [
            23,
            27
          ],
          [
            24,
            19
          ],
          [
            25,
            6
          ],
          [
            26,
            47
          ],
          [
            27,
            0
          ],
          [
            28,
            31
          ],
          [
            29,
            4
          ],
          [
            30,
            17
          ],
          [
            31,
            7
          ],
          [
            32,
            21
          ],
          [
            33,
            28
          ],
          [
            34,
            34
          ],
          [
            35,
            23
          ],
          [
            36,
            1
          ],
          [
            37,
            30
          ],
          [
            38,
            2
          ],
          [
            39,
            38
          ],
          [
            40,
            29
          ],
          [
            41,
            49
          ],
          [
            42,
            43
          ],
          [
            43,
            42
          ],
          [
            44,
            25
          ],
          [
            45,
            37
          ],
          [
            46,
            33
          ],
          [
            47,
            32
          ],
          [
            48,
            48
          ],
          [
            49,
            26
          ]
        ]
      },
      "inc_degree": {
        "ordering": "inc_degree",
        "ordering_label": "Increasing conflict degree",
        "objective": 4754.0,
        "feasible": true,
        "runtime_seconds": 0.0058896541595458984,
        "core_size": 46,