{
  "n": 50,
  "seed": 5,
  "num_conflicts": 15619,
  "E0_objective": 0,
  "heuristic": "lagrangean_repair",
  "subgradient_LB": 4992.0,
  "subgradient_UB": 7.812727022713532e+22,
  "subgradient_iterations": 100,
  "subgradient_runtime": 1.0343379974365234,
  "heuristic_name": "lagrangean_repair",
  "heuristic_output": {
    "ordering_variants": {
      "dec_weight": {
        "ordering": "dec_weight",
        "ordering_label": "Decreasing weight",
        "objective": 4989.0,
        "feasible": true,
        "runtime_seconds": 0.008693933486938477,
        "core_size": 46,
        "assignment": [
          [
            0,
            1
          ],
          [
            1,
            7
          ],
          [
            2,
            5
          ],
          [
            3,
            6
          ],
          [
            4,
            2
          ],
          [
            5,
            0
          ],
          [
            6,
            9
          ],
          [
            7,
            3
          ],
          [
            8,
            24
          ],
          [
            9,
            15
          ],
          [
            10,
            8
          ],
          [
            11,
            17
          ],
          [
            12,
            23
          ],
          [
            13,
            14
          ],
          [
            14,
            13
          ],
          [
            15,
            4
          ],
          [
            16,
            19
          ],
          [
            17,
            18
          ],
          [
            18,
            10
          ],
          [
            19,
            25
          ],
          [
            20,
            26
          ],
          [
            21,
            12
          ],
          [
            22,
            31
          ],
          [
            23,
            28
          ],
          [
            24,
            30
          ],
          [
            25,
            16
          ],
          [
            26,
            32
          ],
          [
            27,
            20
          ],
          [
            28,
            22
          ],
          [
            29,
            41
          ],
          [
            30,
            40
          ],
          [
            31,
            44
          ],
          [
            32,
            27
          ],
          [
            33,
            29
          ],
          [
            34,
            35
          ],
          [
            35,
            33
          ],
          [
            36,
            49
          ],
          [
            37,
            45
          ],
          [
            38,
            42
          ],
          [
            39,
            36
          ],
          [
            40,
            11
          ],
          [
            41,
            38
          ],
          [
            42,
            21
          ],
          [
            43,
            34
          ],
          [
            44,
            37
          ],
          [
            45,
            43
          ],
          [
            46,
            48
          ],
          [
            47,
            39
          ],
          [
            48,
            46
          ],
          [
            49,
            47
          ]
        ]
      },
      "inc_weight": {
        "ordering": "inc_weight",
        "ordering_label": "Increasing weight",
        "objective": 4987.0,
        "feasible": true,
        "runtime_seconds": 0.00762939453125,
        "core_size": 46,
        "assignment": [
          [
            0,
            1
          ],
          [
            1,
            7
          ],
          [
            2,
            5
          ],
          [
            3,
            6
          ],
          [
            4,
            2
          ],
          [
            5,
            0
          ],
          [
            6,
            9
          ],
          [
            7,
            3
          ],
          [
            8,
            31
          ],
          [
            9,
            15
          ],
          [
            10,
            8
          ],
          [
            11,
            17
          ],
          [
            12,
            23
          ],
          [
            13,
            14
          ],
          [
            14,
            13
          ],
          [
            15,
            4
          ],
          [
            16,
            19
          ],
          [
            17,
            18
          ],
          [
            18,
            10
          ],
          [
            19,
            25
          ],
          [
            20,
            26
          ],
          [
            21,
            12
          ],
          [
            22,
            11
          ],
          [
            23,
            28
          ],
          [
            24,
            30
          ],
          [
            25,
            16
          ],
          [
            26,
            32
          ],
          [
            27,
            20
          ],
          [
            28,
            22
          ],
          [
            29,
            41
          ],
          [
            30,
            40
          ],
          [
            31,
            44
          ],
          [
            32,
            27
          ],
          [
            33,
            29
          ],
          [
            34,
            35
          ],
          [
            35,
            33
          ],
          [
            36,
            49
          ],
          [
            37,
            45
          ],
          [
            38,
            42
          ],
          [
            39,
            36
          ],
          [
            40,
            24
          ],
          [
            41,
            38
          ],
          [
            42,
            21
          ],
          [
            43,
            34
          ],
          [
            44,
            37
          ],
          [
            45,
            43
          ],
          [
            46,
            48
          ],
          [
            47,
            39
          ],
          [
            48,
            46
          ],
          [
            49,
            47
          ]
        ]
      },
      "inc_degree": {
        "ordering": "inc_degree",
        "ordering_label": "Increasing conflict degree",
        "objective": 4992.0,
        "feasible": true,
        "runtime_seconds": 0.01093912124633789,
        "core_size": 47,