{
  "n": 50,
  "seed": 1,
  "num_conflicts": 9371,
  "E0_objective": 0,
  "heuristic": "lagrangean_repair",
  "subgradient_LB": 4723.0,
  "subgradient_UB": 1.3853945334807733e+24,
  "subgradient_iterations": 100,
  "subgradient_runtime": 0.6741359233856201,
  "heuristic_name": "lagrangean_repair",
  "heuristic_output": {
    "ordering_variants": {
      "dec_weight": {
        "ordering": "dec_weight",
        "ordering_label": "Decreasing weight",
        "objective": 4723.0,
        "feasible": true,
        "runtime_seconds": 0.006034135818481445,
        "core_size": 46,
        "assignment": [
          [
            0,
            27
          ],
          [
            1,
            16
          ],
          [
            2,
            45
          ],
          [
            3,
            24
          ],
          [
            4,
            33
          ],
          [
            5,
            26
          ],
          [
            6,
            34
          ],
          [
            7,
            19
          ],
          [
            8,
            13
          ],
          [
            9,
            1
          ],
          [
            10,
            43
          ],
          [
            11,
            22
          ],
          [
            12,
            17
          ],
          [
            13,
            14
          ],
          [
            14,
            10
          ],
          [
            15,
            28
          ],
          [
            16,
            49
          ],
          [
            17,
            29
          ],
          [
            18,
            21
          ],
          [
            19,
            48
          ],
          [
            20,
            39
          ],
          [
            21,
            18
          ],
          [
            22,
            47
          ],
          [
            23,
            12
          ],
          [
            24,
            11
          ],
          [
            25,
            42
          ],
          [
            26,
            30
          ],
          [
            27,
            36
          ],
          [
            28,
            4
          ],
          [
            29,
            23
          ],
          [
            30,
            6
          ],
          [
            31,
            3
          ],
          [
            32,
            37
          ],
          [
            33,
            9
          ],
          [
            34,
            41
          ],
          [
            35,
            46
          ],
          [
            36,
            32
          ],
          [
            37,
            8
          ],
          [
            38,
            40
          ],
          [
            39,
            44
          ],
          [
            40,
            5
          ],
          [
            41,
            0
          ],
          [
            42,
            38
          ],
          [
            43,
            20
          ],
          [
            44,
            35
          ],
          [
            45,
            31
          ],
          [
            46,
            7
          ],
          [
            47,
            2
          ],
          [
            48,
            15
          ],
          [
            49,
            25
          ]
        ]
      },
      "inc_weight": {
        "ordering": "inc_weight",
        "ordering_label": "Increasing weight",
        "objective": 4635.0,
        "feasible": true,
        "runtime_seconds": 0.0056934356689453125,
        "core_size": 46,
        "assignment": [
          [
            0,
            27
          ],
          [
            1,
            35
          ],
          [
            2,
            45
          ],
          [
            3,
            24
          ],
          [
            4,
            33
          ],
          [
            5,
            26
          ],
          [
            6,
            34
          ],
          [
            7,
            19
          ],
          [
            8,
            13
          ],
          [
            9,
            1
          ],
          [
            10,
            23
          ],
          [
            11,
            22
          ],
          [
            12,
            17
          ],
          [
            13,
            14
          ],
          [
            14,
            10
          ],
          [
            15,
            28
          ],
          [
            16,
            49
          ],
          [
            17,
            29
          ],
          [
            18,
            21
          ],
          [
            19,
            48
          ],
          [
            20,
            39
          ],
          [
            21,
            18
          ],
          [
            22,
            47
          ],
          [
            23,
            12
          ],
          [
            24,
            11
          ],
          [
            25,
            42
          ],
          [
            26,
            30
          ],
          [
            27,
            36
          ],
          [
            28,
            4
          ],
          [
            29,
            16
          ],
          [
            30,
            6
          ],
          [
            31,
            3
          ],
          [
            32,
            37
          ],
          [
            33,
            9
          ],
          [
            34,
            43
          ],
          [
            35,
            46
          ],
          [
            36,
            32
          ],
          [
            37,
            8
          ],
          [
            38,
            40
          ],
          [
            39,
            44
          ],
          [
            40,
            5
          ],
          [
            41,
            0
          ],
          [
            42,
            38
          ],
          [
            43,
            20
          ],
          [
            44,
            41
          ],
          [
            45,
            31
          ],
          [
            46,
            7
          ],
          [
            47,
            2
          ],
          [
            48,
            15
          ],
          [
            49,
            25
          ]
        ]
      },
      "inc_degree": {
        "ordering": "inc_degree",
        "ordering_label": "Increasing conflict degree",
        "objective": 4723.0,
        "feasible": true,
        "runtime_seconds": 0.005957841873168945,
        "core_size": 46,