{
  "n": 50,
  "seed": 5,
  "num_conflicts": 9371,
  "E0_objective": 0,
  "heuristic": "lagrangean_repair",
  "subgradient_LB": 4772.0,
  "subgradient_UB": 4841.846282272604,
  "subgradient_iterations": 500,
  "subgradient_runtime": 3.2657835483551025,
  "heuristic_name": "lagrangean_repair",
  "heuristic_output": {
    "ordering_variants": {
      "dec_weight": {
        "ordering": "dec_weight",
        "ordering_label": "Decreasing weight",
        "objective": 4723.0,
        "feasible": true,
        "runtime_seconds": 0.005609989166259766,
        "core_size": 46,
        "assignment": [
          [
            0,
            0
          ],
          [
            1,
            14
          ],
          [
            2,
            38
          ],
          [
            3,
            39
          ],
          [
            4,
            43
          ],
          [
            5,
            49
          ],
          [
            6,
            16
          ],
          [
            7,
            15
          ],
          [
            8,
            47
          ],
          [
            9,
            5
          ],
          [
            10,
            34
          ],
          [
            11,
            19
          ],
          [
            12,
            33
          ],
          [
            13,
            23
          ],
          [
            14,
            41
          ],
          [
            15,
            32
          ],
          [
            16,
            13
          ],
          [
            17,
            22
          ],
          [
            18,
            46
          ],
          [
            19,
            18
          ],
          [
            20,
            17
          ],
          [
            21,
            9
          ],
          [
            22,
            3
          ],
          [
            23,
            27
          ],
          [
            24,
            4
          ],
          [
            25,
            40
          ],
          [
            26,
            48
          ],
          [
            27,
            8
          ],
          [
            28,
            28
          ],
          [
            29,
            12
          ],
          [
            30,
            20
          ],
          [
            31,
            44
          ],
          [
            32,
            35
          ],
          [
            33,
            26
          ],
          [
            34,
            7
          ],
          [
            35,
            11
          ],
          [
            36,
            42
          ],
          [
            37,
            24
          ],
          [
            38,
            29
          ],
          [
            39,
            30
          ],
          [
            40,
            36
          ],
          [
            41,
            31
          ],
          [
            42,
            25
          ],
          [
            43,
            2
          ],
          [
            44,
            37
          ],
          [
            45,
            6
          ],
          [
            46,
            45
          ],
          [
            47,
            21
          ],
          [
            48,
            10
          ],
          [
            49,
            1
          ]
        ]
      },
      "inc_weight": {
        "ordering": "inc_weight",
        "ordering_label": "Increasing weight",
        "objective": 4566.0,
        "feasible": true,
        "runtime_seconds": 0.005899190902709961,
        "core_size": 46,
        "assignment": [
          [
            0,
            10
          ],
          [
            1,
            14
          ],
          [
            2,
            7
          ],
          [
            3,
            39
          ],
          [
            4,
            43
          ],
          [
            5,
            49
          ],
          [
            6,
            16
          ],
          [
            7,
            15
          ],
          [
            8,
            47
          ],
          [
            9,
            5
          ],
          [
            10,
            34
          ],
          [
            11,
            19
          ],
          [
            12,
            3
          ],
          [
            13,
            23
          ],
          [
            14,
            0
          ],
          [
            15,
            32
          ],
          [
            16,
            13
          ],
          [
            17,
            22
          ],
          [
            18,
            46
          ],
          [
            19,
            18
          ],
          [
            20,
            17
          ],
          [
            21,
            9
          ],
          [
            22,
            38
          ],
          [
            23,
            27
          ],
          [
            24,
            4
          ],
          [
            25,
            40
          ],
          [
            26,
            48
          ],
          [
            27,
            8
          ],
          [
            28,
            28
          ],
          [
            29,
            12
          ],
          [
            30,
            20
          ],
          [
            31,
            44
          ],
          [
            32,
            35
          ],
          [
            33,
            26
          ],
          [
            34,
            33
          ],
          [
            35,
            11
          ],
          [
            36,
            42
          ],
          [
            37,
            24
          ],
          [
            38,
            29
          ],
          [
            39,
            41
          ],
          [
            40,
            36
          ],
          [
            41,
            31
          ],
          [
            42,
            25
          ],
          [
            43,
            2
          ],
          [
            44,
            37
          ],
          [
            45,
            6
          ],
          [
            46,
            45
          ],
          [
            47,
            21
          ],
          [
            48,
            30
          ],
          [
            49,
            1
          ]
        ]
      },
      "inc_degree": {
        "ordering": "inc_degree",
        "ordering_label": "Increasing conflict degree",
        "objective": 4723.0,
        "feasible": true,
        "runtime_seconds": 0.005028963088989258,
        "core_size": 46,