{
  "n": 50,
  "seed": 3,
  "num_conflicts": 3124,
  "E0_objective": 0,
  "heuristic": "lagrangean_repair",
  "subgradient_LB": 4742.0,
  "subgradient_UB": 1.3345900345412086e+24,
  "subgradient_iterations": 100,
  "subgradient_runtime": 0.24895644187927246,
  "heuristic_name": "lagrangean_repair",
  "heuristic_output": {
    "ordering_variants": {
      "dec_weight": {
        "ordering": "dec_weight",
        "ordering_label": "Decreasing weight",
        "objective": 4742.0,
        "feasible": true,
        "runtime_seconds": 0.0020236968994140625,
        "core_size": 47,
        "assignment": [
          [
            0,
            12
          ],
          [
            1,
            21
          ],
          [
            2,
            22
          ],
          [
            3,
            46
          ],
          [
            4,
            27
          ],
          [
            5,
            17
          ],
          [
            6,
            13
          ],
          [
            7,
            43
          ],
          [
            8,
            9
          ],
          [
            9,
            15
          ],
          [
            10,
            26
          ],
          [
            11,
            38
          ],
          [
            12,
            8
          ],
          [
            13,
            49
          ],
          [
            14,
            32
          ],
          [
            15,
            36
          ],
          [
            16,
            48
          ],
          [
            17,
            5
          ],
          [
            18,
            2
          ],
          [
            19,
            33
          ],
          [
            20,
            29
          ],
          [
            21,
            24
          ],
          [
            22,
            19
          ],
          [
            23,
            7
          ],
          [
            24,
            4
          ],
          [
            25,
            31
          ],
          [
            26,
            0
          ],
          [
            27,
            1
          ],
          [
            28,
            16
          ],
          [
            29,
            39
          ],
          [
            30,
            20
          ],
          [
            31,
            34
          ],
          [
            32,
            37
          ],
          [
            33,
            40
          ],
          [
            34,
            47
          ],
          [
            35,
            23
          ],
          [
            36,
            41
          ],
          [
            37,
            44
          ],
          [
            38,
            35
          ],
          [
            39,
            6
          ],
          [
            40,
            14
          ],
          [
            41,
            28
          ],
          [
            42,
            25
          ],
          [
            43,
            3
          ],
          [
            44,
            42
          ],
          [
            45,
            10
          ],
          [
            46,
            30
          ],
          [
            47,
            11
          ],
          [
            48,
            45
          ],
          [
            49,
            18
          ]
        ]
      },
      "inc_weight": {
        "ordering": "inc_weight",
        "ordering_label": "Increasing weight",
        "objective": 4742.0,
        "feasible": true,
        "runtime_seconds": 0.002347707748413086,
        "core_size": 47,
        "assignment": [
          [
            0,
            12
          ],
          [
            1,
            21
          ],
          [
            2,
            22
          ],
          [
            3,
            46
          ],
          [
            4,
            27
          ],
          [
            5,
            17
          ],
          [
            6,
            13
          ],
          [
            7,
            43
          ],
          [
            8,
            9
          ],
          [
            9,
            15
          ],
          [
            10,
            7
          ],
          [
            11,
            38
          ],
          [
            12,
            8
          ],
          [
            13,
            49
          ],
          [
            14,
            32
          ],
          [
            15,
            36
          ],
          [
            16,
            25
          ],
          [
            17,
            5
          ],
          [
            18,
            2
          ],
          [
            19,
            33
          ],
          [
            20,
            29
          ],
          [
            21,
            24
          ],
          [
            22,
            48
          ],
          [
            23,
            0
          ],
          [
            24,
            4
          ],
          [
            25,
            31
          ],
          [
            26,
            26
          ],
          [
            27,
            1
          ],
          [
            28,
            16
          ],
          [
            29,
            39
          ],
          [
            30,
            20
          ],
          [
            31,
            34
          ],
          [
            32,
            37
          ],
          [
            33,
            40
          ],
          [
            34,
            47
          ],
          [
            35,
            23
          ],
          [
            36,
            41
          ],
          [
            37,
            44
          ],
          [
            38,
            35
          ],
          [
            39,
            6
          ],
          [
            40,
            14
          ],
          [
            41,
            28
          ],
          [
            42,
            19
          ],
          [
            43,
            3
          ],
          [
            44,
            42
          ],
          [
            45,
            10
          ],
          [
            46,
            30
          ],
          [
            47,
            11
          ],
          [
            48,
            45
          ],
          [
            49,
            18
          ]
        ]
      },
      "inc_degree": {
        "ordering": "inc_degree",
        "ordering_label": "Increasing conflict degree",
        "objective": 4742.0,
        "feasible": true,
        "runtime_seconds": 0.0020046234130859375,
        "core_size": 47,