{
  "n": 50,
  "seed": 7,
  "num_conflicts": 3124,
  "E0_objective": 0,
  "heuristic": "lagrangean_repair",
  "subgradient_LB": 4750.0,
  "subgradient_UB": 1.0807195068099985e+24,
  "subgradient_iterations": 100,
  "subgradient_runtime": 0.2334609031677246,
  "heuristic_name": "lagrangean_repair",
  "heuristic_output": {
    "ordering_variants": {
      "dec_weight": {
        "ordering": "dec_weight",
        "ordering_label": "Decreasing weight",
        "objective": 4750.0,
        "feasible": true,
        "runtime_seconds": 0.0024383068084716797,
        "core_size": 48,
        "assignment": [
          [
            0,
            43
          ],
          [
            1,
            2
          ],
          [
            2,
            37
          ],
          [
            3,
            11
          ],
          [
            4,
            24
          ],
          [
            5,
            9
          ],
          [
            6,
            14
          ],
          [
            7,
            36
          ],
          [
            8,
            23
          ],
          [
            9,
            0
          ],
          [
            10,
            32
          ],
          [
            11,
            21
          ],
          [
            12,
            35
          ],
          [
            13,
            17
          ],
          [
            14,
            19
          ],
          [
            15,
            3
          ],
          [
            16,
            8
          ],
          [
            17,
            25
          ],
          [
            18,
            40
          ],
          [
            19,
            34
          ],
          [
            20,
            26
          ],
          [
            21,
            39
          ],
          [
            22,
            46
          ],
          [
            23,
            10
          ],
          [
            24,
            47
          ],
          [
            25,
            5
          ],
          [
            26,
            20
          ],
          [
            27,
            16
          ],
          [
            28,
            41
          ],
          [
            29,
            1
          ],
          [
            30,
            44
          ],
          [
            31,
            33
          ],
          [
            32,
            49
          ],
          [
            33,
            29
          ],
          [
            34,
            22
          ],
          [
            35,
            45
          ],
          [
            36,
            7
          ],
          [
            37,
            38
          ],
          [
            38,
            30
          ],
          [
            39,
            6
          ],
          [
            40,
            18
          ],
          [
            41,
            12
          ],
          [
            42,
            28
          ],
          [
            43,
            13
          ],
          [
            44,
            15
          ],
          [
            45,
            42
          ],
          [
            46,
            4
          ],
          [
            47,
            27
          ],
          [
            48,
            48
          ],
          [
            49,
            31
          ]
        ]
      },
      "inc_weight": {
        "ordering": "inc_weight",
        "ordering_label": "Increasing weight",
        "objective": 4800.0,
        "feasible": true,
        "runtime_seconds": 0.0020346641540527344,
        "core_size": 48,
        "assignment": [
          [
            0,
            43
          ],
          [
            1,
            2
          ],
          [
            2,
            37
          ],
          [
            3,
            11
          ],
          [
            4,
            24
          ],
          [
            5,
            9
          ],
          [
            6,
            14
          ],
          [
            7,
            36
          ],
          [
            8,
            23
          ],
          [
            9,
            48
          ],
          [
            10,
            32
          ],
          [
            11,
            21
          ],
          [
            12,
            35
          ],
          [
            13,
            17
          ],
          [
            14,
            19
          ],
          [
            15,
            3
          ],
          [
            16,
            8
          ],
          [
            17,
            25
          ],
          [
            18,
            40
          ],
          [
            19,
            34
          ],
          [
            20,
            30
          ],
          [
            21,
            39
          ],
          [
            22,
            46
          ],
          [
            23,
            10
          ],
          [
            24,
            47
          ],
          [
            25,
            5
          ],
          [
            26,
            20
          ],
          [
            27,
            16
          ],
          [
            28,
            41
          ],
          [
            29,
            1
          ],
          [
            30,
            44
          ],
          [
            31,
            33
          ],
          [
            32,
            49
          ],
          [
            33,
            29
          ],
          [
            34,
            22
          ],
          [
            35,
            45
          ],
          [
            36,
            7
          ],
          [
            37,
            38
          ],
          [
            38,
            26
          ],
          [
            39,
            6
          ],
          [
            40,
            18
          ],
          [
            41,
            12
          ],
          [
            42,
            28
          ],
          [
            43,
            13
          ],
          [
            44,
            15
          ],
          [
            45,
            42
          ],
          [
            46,
            4
          ],
          [
            47,
            27
          ],
          [
            48,
            0
          ],
          [
            49,
            31
          ]
        ]
      },
      "inc_degree": {
        "ordering": "inc_degree",
        "ordering_label": "Increasing conflict degree",
        "objective": 4750.0,
        "feasible": true,
        "runtime_seconds": 0.0021576881408691406,
        "core_size": 48,