{
  "n": 50,
  "seed": 1,
  "num_conflicts": 62475,
  "E0_objective": 0,
  "heuristic": "lagrangean_repair",
  "subgradient_LB": 0.0,
  "subgradient_UB": 1.8196557631198753e+25,
  "subgradient_iterations": 100,
  "subgradient_runtime": 4.163755655288696,
  "heuristic_name": "lagrangean_repair",
  "heuristic_output": {
    "ordering_variants": {
      "dec_weight": {
        "ordering": "dec_weight",
        "ordering_label": "Decreasing weight",
        "objective": 0.0,
        "feasible": true,
        "runtime_seconds": 0.03847670555114746,
        "core_size": 31,
        "assignment": [
          [
            0,
            2
          ],
          [
            1,
            15
          ],
          [
            2,
            47
          ],
          [
            3,
            9
          ],
          [
            4,
            21
          ],
          [
            5,
            29
          ],
          [
            6,
            48
          ],
          [
            7,
            5
          ],
          [
            8,
            46
          ],
          [
            9,
            14
          ],
          [
            10,
            11
          ],
          [
            11,
            32
          ],
          [
            12,
            34
          ],
          [
            13,
            26
          ],
          [
            14,
            49
          ],
          [
            15,
            19
          ],
          [
            16,
            39
          ],
          [
            17,
            38
          ],
          [
            18,
            12
          ],
          [
            19,
            22
          ],
          [
            20,
            37
          ],
          [
            21,
            20
          ],
          [
            22,
            42
          ],
          [
            23,
            35
          ],
          [
            24,
            33
          ],
          [
            25,
            10
          ],
          [
            26,
            3
          ],
          [
            27,
            18
          ],
          [
            28,
            45
          ],
          [
            29,
            25
          ],
          [
            30,
            23
          ],
          [
            31,
            17
          ],
          [
            32,
            43
          ],
          [
            33,
            0
          ],
          [
            34,
            27
          ],
          [
            35,
            40
          ],
          [
            36,
            1
          ],
          [
            37,
            44
          ],
          [
            38,
            6
          ],
          [
            39,
            13
          ],
          [
            40,
            24
          ],
          [
            41,
            41
          ],
          [
            42,
            30
          ],
          [
            43,
            28
          ],
          [
            44,
            31
          ],
          [
            45,
            7
          ],
          [
            46,
            16
          ],
          [
            47,
            4
          ],
          [
            48,
            36
          ],
          [
            49,
            8
          ]
        ]
      },
      "inc_weight": {
        "ordering": "inc_weight",
        "ordering_label": "Increasing weight",
        "objective": 0.0,
        "feasible": true,
        "runtime_seconds": 0.03578305244445801,
        "core_size": 31,
        "assignment": [
          [
            0,
            2
          ],
          [
            1,
            15
          ],
          [
            2,
            47
          ],
          [
            3,
            9
          ],
          [
            4,
            21
          ],
          [
            5,
            29
          ],
          [
            6,
            48
          ],
          [
            7,
            5
          ],
          [
            8,
            46
          ],
          [
            9,
            14
          ],
          [
            10,
            11
          ],
          [
            11,
            32
          ],
          [
            12,
            34
          ],
          [
            13,
            26
          ],
          [
            14,
            49
          ],
          [
            15,
            19
          ],
          [
            16,
            39
          ],
          [
            17,
            38
          ],
          [
            18,
            12
          ],
          [
            19,
            22
          ],
          [
            20,
            37
          ],
          [
            21,
            20
          ],
          [
            22,
            42
          ],
          [
            23,
            35
          ],
          [
            24,
            33
          ],
          [
            25,
            10
          ],
          [
            26,
            3
          ],
          [
            27,
            18
          ],
          [
            28,
            45
          ],
          [
            29,
            25
          ],
          [
            30,
            23
          ],
          [
            31,
            17
          ],
          [
            32,
            43
          ],
          [
            33,
            0
          ],
          [
            34,
            27
          ],
          [
            35,
            40
          ],
          [
            36,
            1
          ],
          [
            37,
            44
          ],
          [
            38,
            6
          ],
          [
            39,
            13
          ],
          [
            40,
            24
          ],
          [
            41,
            41
          ],
          [
            42,
            30
          ],
          [
            43,
            28
          ],
          [
            44,
            31
          ],
          [
            45,
            7
          ],
          [
            46,
            16
          ],
          [
            47,
            4
          ],
          [
            48,
            36
          ],
          [
            49,
            8
          ]
        ]
      },
      "inc_degree": {
        "ordering": "inc_degree",
        "ordering_label": "Increasing conflict degree",
        "objective": 0.0,
        "feasible": true,
        "runtime_seconds": 0.05103468894958496,
        "core_size": 34,