{
  "n": 40,
  "seed": 1,
  "num_conflicts": 12160,
  "E0_objective": 0,
  "heuristic": "lagrangean_repair",
  "subgradient_LB": 3824.0,
  "subgradient_UB": 3860.229795560997,
  "subgradient_iterations": 500,
  "subgradient_runtime": 6.6090099811553955,
  "heuristic_name": "lagrangean_repair",
  "heuristic_output": {
    "ordering_variants": {
      "dec_weight": {
        "ordering": "dec_weight",
        "ordering_label": "Decreasing weight",
        "objective": 3687.0,
        "feasible": true,
        "runtime_seconds": 0.009877443313598633,
        "core_size": 38,
        "assignment": [
          [
            0,
            27
          ],
          [
            1,
            26
          ],
          [
            2,
            9
          ],
          [
            3,
            5
          ],
          [
            4,
            8
          ],
          [
            5,
            17
          ],
          [
            6,
            14
          ],
          [
            7,
            21
          ],
          [
            8,
            29
          ],
          [
            9,
            31
          ],
          [
            10,
            25
          ],
          [
            11,
            35
          ],
          [
            12,
            32
          ],
          [
            13,
            3
          ],
          [
            14,
            10
          ],
          [
            15,
            28
          ],
          [
            16,
            24
          ],
          [
            17,
            30
          ],
          [
            18,
            20
          ],
          [
            19,
            18
          ],
          [
            20,
            33
          ],
          [
            21,
            34
          ],
          [
            22,
            11
          ],
          [
            23,
            7
          ],
          [
            24,
            37
          ],
          [
            25,
            22
          ],
          [
            26,
            36
          ],
          [
            27,
            16
          ],
          [
            28,
            6
          ],
          [
            29,
            2
          ],
          [
            30,
            13
          ],
          [
            31,
            39
          ],
          [
            32,
            12
          ],
          [
            33,
            38
          ],
          [
            34,
            1
          ],
          [
            35,
            4
          ],
          [
            36,
            19
          ],
          [
            37,
            23
          ],
          [
            38,
            0
          ],
          [
            39,
            15
          ]
        ]
      },
      "inc_weight": {
        "ordering": "inc_weight",
        "ordering_label": "Increasing weight",
        "objective": 3764.0,
        "feasible": true,
        "runtime_seconds": 0.0071485042572021484,
        "core_size": 38,
        "assignment": [
          [
            0,
            27
          ],
          [
            1,
            26
          ],
          [
            2,
            9
          ],
          [
            3,
            5
          ],
          [
            4,
            8
          ],
          [
            5,
            17
          ],
          [
            6,
            14
          ],
          [
            7,
            21
          ],
          [
            8,
            29
          ],
          [
            9,
            31
          ],
          [
            10,
            25
          ],
          [
            11,
            35
          ],
          [
            12,
            32
          ],
          [
            13,
            3
          ],
          [
            14,
            10
          ],
          [
            15,
            2
          ],
          [
            16,
            24
          ],
          [
            17,
            30
          ],
          [
            18,
            20
          ],
          [
            19,
            18
          ],
          [
            20,
            33
          ],
          [
            21,
            34
          ],
          [
            22,
            11
          ],
          [
            23,
            7
          ],
          [
            24,
            37
          ],
          [
            25,
            39
          ],
          [
            26,
            36
          ],
          [
            27,
            16
          ],
          [
            28,
            6
          ],
          [
            29,
            28
          ],
          [
            30,
            13
          ],
          [
            31,
            22
          ],
          [
            32,
            12
          ],
          [
            33,
            38
          ],
          [
            34,
            1
          ],
          [
            35,
            4
          ],
          [
            36,
            19
          ],
          [
            37,
            23
          ],
          [
            38,
            0
          ],
          [
            39,
            15
          ]
        ]
      },
      "inc_degree": {
        "ordering": "inc_degree",
        "ordering_label": "Increasing conflict degree",
        "objective": 3687.0,
        "feasible": true,
        "runtime_seconds": 0.008368253707885742,
        "core_size": 38,
        "assignment": [
          [
            0,
            27
          ],
          [
            1,
            26
          ],
          [
            2,
            9
          ],
          [
            3,
            5
          ],
          [
            4,
            8
          ],
          [
            5,
            17
          ],
          [
            6,
            14
          ],
          [
            7,
            21
          ],
          [
            8,
            29
          ],
          [
            9,
            31
          ],
          [
            10,
            25
          ],
          [
            11,
            35
          ],
          [
            12,
            32
          ],
          [
            13,
            3
          ],
          [
            14,
            10
          ],
          [
            15,
            28
          ],
          [
            16,
            24
          ],
          [
            17,
            30
          ],
          [
            18,
            20
          ],
          [
            19,
            18
          ],
          [
            20,
            33
          ],
          [
            21,
            34
          ],
          [
            22,
            11
          ],
          [
            23,
            7
          ],
          [
            24,
            37
          ],
          [
            25,
            22
          ],
          [
            26,
            36
          ],
          [
            27,
            16
          ],
          [
            28,
            6
          ],
          [
            29,
            2
          ],
          [
            30,
            13
          ],
          [
            31,
            39
          ],
          [
            32,
            12
          ],
          [
            33,
            38
          ],
          [
            34,
            1
          ],
          [
            35,
            4
          ],
          [
            36,
            19
          ],
          [
            37,
            23
          ],
          [
            38,
            0
          ],
          [
            39,
            15
          ]
        ]
      },
      "weight_over_degree": {
        "ordering": "weight_over_degree",
        "ordering_label": "Weight-over-degree ratio",
        "objective": 3687.0,