{
  "n": 40,
  "seed": 1,
  "num_conflicts": 36481,
  "E0_objective": 0,
  "heuristic": "lagrangean_repair",
  "subgradient_LB": 3611.0,
  "subgradient_UB": 2.5521266133054533e+24,
  "subgradient_iterations": 100,
  "subgradient_runtime": 2.524052143096924,
  "heuristic_name": "lagrangean_repair",
  "heuristic_output": {
    "ordering_variants": {
      "dec_weight": {
        "ordering": "dec_weight",
        "ordering_label": "Decreasing weight",
        "objective": 0.0,
        "feasible": true,
        "runtime_seconds": 0.021149873733520508,
        "core_size": 27,
        "assignment": [
          [
            0,
            23
          ],
          [
            1,
            2
          ],
          [
            2,
            11
          ],
          [
            3,
            1
          ],
          [
            4,
            37
          ],
          [
            5,
            32
          ],
          [
            6,
            5
          ],
          [
            7,
            9
          ],
          [
            8,
            17
          ],
          [
            9,
            29
          ],
          [
            10,
            34
          ],
          [
            11,
            20
          ],
          [
            12,
            38
          ],
          [
            13,
            21
          ],
          [
            14,
            27
          ],
          [
            15,
            22
          ],
          [
            16,
            10
          ],
          [
            17,
            33
          ],
          [
            18,
            18
          ],
          [
            19,
            35
          ],
          [
            20,
            39
          ],
          [
            21,
            14
          ],
          [
            22,
            26
          ],
          [
            23,
            19
          ],
          [
            24,
            13
          ],
          [
            25,
            12
          ],
          [
            26,
            0
          ],
          [
            27,
            15
          ],
          [
            28,
            3
          ],
          [
            29,
            6
          ],
          [
            30,
            25
          ],
          [
            31,
            24
          ],
          [
            32,
            30
          ],
          [
            33,
            28
          ],
          [
            34,
            31
          ],
          [
            35,
            7
          ],
          [
            36,
            16
          ],
          [
            37,
            4
          ],
          [
            38,
            36
          ],
          [
            39,
            8
          ]
        ]
      },
      "inc_weight": {
        "ordering": "inc_weight",
        "ordering_label": "Increasing weight",
        "objective": 3093.0,
        "feasible": true,
        "runtime_seconds": 0.020114421844482422,
        "core_size": 28,
        "assignment": [
          [
            0,
            27
          ],
          [
            1,
            26
          ],
          [
            2,
            9
          ],
          [
            3,
            5
          ],
          [
            4,
            37
          ],
          [
            5,
            17
          ],
          [
            6,
            14
          ],
          [
            7,
            1
          ],
          [
            8,
            2
          ],
          [
            9,
            3
          ],
          [
            10,
            24
          ],
          [
            11,
            11
          ],
          [
            12,
            32
          ],
          [
            13,
            8
          ],
          [
            14,
            12
          ],
          [
            15,
            4
          ],
          [
            16,
            18
          ],
          [
            17,
            30
          ],
          [
            18,
            20
          ],
          [
            19,
            0
          ],
          [
            20,
            28
          ],
          [
            21,
            34
          ],
          [
            22,
            35
          ],
          [
            23,
            21
          ],
          [
            24,
            29
          ],
          [
            25,
            39
          ],
          [
            26,
            36
          ],
          [
            27,
            16
          ],
          [
            28,
            6
          ],
          [
            29,
            13
          ],
          [
            30,
            7
          ],
          [
            31,
            22
          ],
          [
            32,
            38
          ],
          [
            33,
            10
          ],
          [
            34,
            33
          ],
          [
            35,
            31
          ],
          [
            36,
            19
          ],
          [
            37,
            23
          ],
          [
            38,
            25
          ],
          [
            39,
            15
          ]
        ]
      },
      "inc_degree": {
        "ordering": "inc_degree",
        "ordering_label": "Increasing conflict degree",
        "objective": 3611.0,
        "feasible": true,
        "runtime_seconds": 0.019536972045898438,
        "core_size": 28,
        "assignment": [
          [
            0,
            27
          ],
          [
            1,
            26
          ],
          [
            2,
            9
          ],
          [
            3,
            5
          ],
          [
            4,
            23
          ],
          [
            5,
            17
          ],
          [
            6,
            14
          ],
          [
            7,
            4
          ],
          [
            8,
            18
          ],
          [
            9,
            3
          ],
          [
            10,
            25
          ],
          [
            11,
            11
          ],
          [
            12,
            32
          ],
          [
            13,
            8
          ],
          [
            14,
            12
          ],
          [
            15,
            29
          ],
          [
            16,
            33
          ],
          [
            17,
            30
          ],
          [
            18,
            20
          ],
          [
            19,
            0
          ],
          [
            20,
            13
          ],
          [
            21,
            34
          ],
          [
            22,
            35
          ],
          [
            23,
            21
          ],
          [
            24,
            37
          ],
          [
            25,
            24
          ],
          [
            26,
            36
          ],
          [
            27,
            16
          ],
          [
            28,
            6
          ],
          [
            29,
            2
          ],
          [
            30,
            7
          ],
          [
            31,
            22
          ],
          [
            32,
            38
          ],
          [
            33,
            10
          ],
          [
            34,
            39
          ],
          [
            35,
            31
          ],
          [
            36,
            19
          ],
          [
            37,
            1
          ],
          [
            38,
            28
          ],
          [
            39,
            15
          ]
        ]
      },
      "weight_over_degree": {
        "ordering": "weight_over_degree",
        "ordering_label": "Weight-over-degree ratio",
        "objective": 3611.0,