{
  "n": 50,
  "seed": 5,
  "num_conflicts": 31238,
  "E0_objective": 0,
  "heuristic": "lagrangean_repair",
  "subgradient_LB": 4694.0,
  "subgradient_UB": 1.4844276883711166e+24,
  "subgradient_iterations": 100,
  "subgradient_runtime": 2.128756284713745,
  "heuristic_name": "lagrangean_repair",
  "heuristic_output": {
    "ordering_variants": {
      "dec_weight": {
        "ordering": "dec_weight",
        "ordering_label": "Decreasing weight",
        "objective": 4694.0,
        "feasible": true,
        "runtime_seconds": 0.021544456481933594,
        "core_size": 42,
        "assignment": [
          [
            0,
            0
          ],
          [
            1,
            14
          ],
          [
            2,
            25
          ],
          [
            3,
            39
          ],
          [
            4,
            43
          ],
          [
            5,
            49
          ],
          [
            6,
            16
          ],
          [
            7,
            44
          ],
          [
            8,
            7
          ],
          [
            9,
            42
          ],
          [
            10,
            34
          ],
          [
            11,
            19
          ],
          [
            12,
            47
          ],
          [
            13,
            23
          ],
          [
            14,
            41
          ],
          [
            15,
            32
          ],
          [
            16,
            13
          ],
          [
            17,
            22
          ],
          [
            18,
            46
          ],
          [
            19,
            18
          ],
          [
            20,
            48
          ],
          [
            21,
            9
          ],
          [
            22,
            36
          ],
          [
            23,
            27
          ],
          [
            24,
            4
          ],
          [
            25,
            40
          ],
          [
            26,
            33
          ],
          [
            27,
            8
          ],
          [
            28,
            28
          ],
          [
            29,
            12
          ],
          [
            30,
            20
          ],
          [
            31,
            17
          ],
          [
            32,
            35
          ],
          [
            33,
            26
          ],
          [
            34,
            3
          ],
          [
            35,
            11
          ],
          [
            36,
            15
          ],
          [
            37,
            24
          ],
          [
            38,
            29
          ],
          [
            39,
            30
          ],
          [
            40,
            31
          ],
          [
            41,
            38
          ],
          [
            42,
            5
          ],
          [
            43,
            2
          ],
          [
            44,
            37
          ],
          [
            45,
            6
          ],
          [
            46,
            45
          ],
          [
            47,
            21
          ],
          [
            48,
            10
          ],
          [
            49,
            1
          ]
        ]
      },
      "inc_weight": {
        "ordering": "inc_weight",
        "ordering_label": "Increasing weight",
        "objective": 4577.0,
        "feasible": true,
        "runtime_seconds": 0.019253015518188477,
        "core_size": 42,
        "assignment": [
          [
            0,
            0
          ],
          [
            1,
            14
          ],
          [
            2,
            41
          ],
          [
            3,
            39
          ],
          [
            4,
            43
          ],
          [
            5,
            3
          ],
          [
            6,
            16
          ],
          [
            7,
            44
          ],
          [
            8,
            7
          ],
          [
            9,
            42
          ],
          [
            10,
            34
          ],
          [
            11,
            19
          ],
          [
            12,
            47
          ],
          [
            13,
            23
          ],
          [
            14,
            6
          ],
          [
            15,
            32
          ],
          [
            16,
            13
          ],
          [
            17,
            22
          ],
          [
            18,
            46
          ],
          [
            19,
            18
          ],
          [
            20,
            48
          ],
          [
            21,
            9
          ],
          [
            22,
            38
          ],
          [
            23,
            27
          ],
          [
            24,
            4
          ],
          [
            25,
            49
          ],
          [
            26,
            25
          ],
          [
            27,
            8
          ],
          [
            28,
            28
          ],
          [
            29,
            12
          ],
          [
            30,
            20
          ],
          [
            31,
            17
          ],
          [
            32,
            35
          ],
          [
            33,
            26
          ],
          [
            34,
            33
          ],
          [
            35,
            11
          ],
          [
            36,
            15
          ],
          [
            37,
            24
          ],
          [
            38,
            29
          ],
          [
            39,
            40
          ],
          [
            40,
            36
          ],
          [
            41,
            31
          ],
          [
            42,
            5
          ],
          [
            43,
            2
          ],
          [
            44,
            37
          ],
          [
            45,
            30
          ],
          [
            46,
            45
          ],
          [
            47,
            21
          ],
          [
            48,
            10
          ],
          [
            49,
            1
          ]
        ]
      },
      "inc_degree": {
        "ordering": "inc_degree",
        "ordering_label": "Increasing conflict degree",
        "objective": 4694.0,
        "feasible": true,
        "runtime_seconds": 0.018971681594848633,
        "core_size": 42,