{
  "n": 40,
  "seed": 2,
  "num_conflicts": 6080,
  "E0_objective": 0,
  "heuristic": "lagrangean_repair",
  "subgradient_LB": 3992.0,
  "subgradient_UB": 7.761165467138484e+22,
  "subgradient_iterations": 100,
  "subgradient_runtime": 0.31849122047424316,
  "heuristic_name": "lagrangean_repair",
  "heuristic_output": {
    "ordering_variants": {
      "dec_weight": {
        "ordering": "dec_weight",
        "ordering_label": "Decreasing weight",
        "objective": 3992.0,
        "feasible": true,
        "runtime_seconds": 0.003813505172729492,
        "core_size": 37,
        "assignment": [
          [
            0,
            1
          ],
          [
            1,
            38
          ],
          [
            2,
            6
          ],
          [
            3,
            18
          ],
          [
            4,
            36
          ],
          [
            5,
            31
          ],
          [
            6,
            10
          ],
          [
            7,
            20
          ],
          [
            8,
            17
          ],
          [
            9,
            11
          ],
          [
            10,
            7
          ],
          [
            11,
            0
          ],
          [
            12,
            4
          ],
          [
            13,
            12
          ],
          [
            14,
            16
          ],
          [
            15,
            14
          ],
          [
            16,
            24
          ],
          [
            17,
            19
          ],
          [
            18,
            23
          ],
          [
            19,
            5
          ],
          [
            20,
            21
          ],
          [
            21,
            25
          ],
          [
            22,
            13
          ],
          [
            23,
            9
          ],
          [
            24,
            27
          ],
          [
            25,
            22
          ],
          [
            26,
            3
          ],
          [
            27,
            15
          ],
          [
            28,
            39
          ],
          [
            29,
            37
          ],
          [
            30,
            28
          ],
          [
            31,
            26
          ],
          [
            32,
            29
          ],
          [
            33,
            32
          ],
          [
            34,
            35
          ],
          [
            35,
            34
          ],
          [
            36,
            2
          ],
          [
            37,
            8
          ],
          [
            38,
            30
          ],
          [
            39,
            33
          ]
        ]
      },
      "inc_weight": {
        "ordering": "inc_weight",
        "ordering_label": "Increasing weight",
        "objective": 3992.0,
        "feasible": true,
        "runtime_seconds": 0.0031158924102783203,
        "core_size": 37,
        "assignment": [
          [
            0,
            1
          ],
          [
            1,
            38
          ],
          [
            2,
            6
          ],
          [
            3,
            18
          ],
          [
            4,
            36
          ],
          [
            5,
            31
          ],
          [
            6,
            10
          ],
          [
            7,
            20
          ],
          [
            8,
            17
          ],
          [
            9,
            11
          ],
          [
            10,
            7
          ],
          [
            11,
            0
          ],
          [
            12,
            4
          ],
          [
            13,
            12
          ],
          [
            14,
            16
          ],
          [
            15,
            14
          ],
          [
            16,
            24
          ],
          [
            17,
            19
          ],
          [
            18,
            23
          ],
          [
            19,
            5
          ],
          [
            20,
            21
          ],
          [
            21,
            25
          ],
          [
            22,
            13
          ],
          [
            23,
            9
          ],
          [
            24,
            27
          ],
          [
            25,
            22
          ],
          [
            26,
            3
          ],
          [
            27,
            15
          ],
          [
            28,
            39
          ],
          [
            29,
            37
          ],
          [
            30,
            28
          ],
          [
            31,
            26
          ],
          [
            32,
            29
          ],
          [
            33,
            32
          ],
          [
            34,
            35
          ],
          [
            35,
            34
          ],
          [
            36,
            2
          ],
          [
            37,
            8
          ],
          [
            38,
            30
          ],
          [
            39,
            33
          ]
        ]
      },
      "inc_degree": {
        "ordering": "inc_degree",
        "ordering_label": "Increasing conflict degree",
        "objective": 3992.0,
        "feasible": true,
        "runtime_seconds": 0.0030906200408935547,
        "core_size": 37,
        "assignment": [
          [
            0,
            1
          ],
          [
            1,
            38
          ],
          [
            2,
            6
          ],
          [
            3,
            18
          ],
          [
            4,
            36
          ],
          [
            5,
            31
          ],
          [
            6,
            10
          ],
          [
            7,
            20
          ],
          [
            8,
            17
          ],
          [
            9,
            11
          ],
          [
            10,
            7
          ],
          [
            11,
            0
          ],
          [
            12,
            4
          ],
          [
            13,
            12
          ],
          [
            14,
            16
          ],
          [
            15,
            14
          ],
          [
            16,
            24
          ],
          [
            17,
            19
          ],
          [
            18,
            23
          ],
          [
            19,
            5
          ],
          [
            20,
            21
          ],
          [
            21,
            25
          ],
          [
            22,
            13
          ],
          [
            23,
            9
          ],
          [
            24,
            27
          ],
          [
            25,
            22
          ],
          [
            26,
            3
          ],
          [
            27,
            15
          ],
          [
            28,
            39
          ],
          [
            29,
            37
          ],
          [
            30,
            28
          ],
          [
            31,
            26
          ],
          [
            32,
            29
          ],
          [
            33,
            32
          ],
          [
            34,
            35
          ],
          [
            35,
            34
          ],
          [
            36,
            2
          ],
          [
            37,
            8
          ],
          [
            38,
            30
          ],
          [
            39,
            33
          ]
        ]
      },
      "weight_over_degree": {
        "ordering": "weight_over_degree",
        "ordering_label": "Weight-over-degree ratio",
        "objective": 3992.0,