{
  "LB": 0.0,
  "UB": 1.1638059338337806e+24,
  "gap_pct": 1.1638059338337804e+36,
  "x_LB": [
    [
      0,
      5
    ],
    [
      1,
      8
    ],
    [
      2,
      3
    ],
    [
      3,
      4
    ],
    [
      4,
      0
    ],
    [
      5,
      2
    ],
    [
      6,
      6
    ],
    [
      7,
      7
    ],
    [
      8,
      1
    ],
    [
      9,
      9
    ]
  ],
  "x_star_final": [
    [
      0,
      2
    ],
    [
      1,
      4
    ],
    [
      2,
      7
    ],
    [
      3,
      8
    ],
    [
      4,
      5
    ],
    [
      5,
      3
    ],
    [
      6,
      9
    ],
    [
      7,
      0
    ],
    [
      8,
      6
    ],
    [
      9,
      1
    ]
  ],
  "iterations": 100,
  "lambdas_final": [
    3.336836892437715e+22,
    3.336836892437715e+22,
    3.336836892437715e+22,
    3.336836892437715e+22,
    3.336836892437715e+22,
    3.336836892437715e+22,
    3.336836892437715e+22,
    0.0,
    0.0,
    3.336836892437715e+22,
    3.336836892437715e+22,
    3.336836892437715e+22,
    3.336836892437715e+22,
    3.336836892437715e+22,
    0.0,
    3.336836892437715e+22,
    3.336836892437715e+22,
    3.336836892437715e+22,
    3.336836892437715e+22,
    3.336836892437715e+22,
    3.336836892437715e+22,
    3.336836892437715e+22,
    3.336836892437715e+22,
    3.336836892437715e+22,
    3.336836892437715e+22,
    3.336836892437715e+22,
    3.336836892437715e+22,
    3.336836892437715e+22,
    3.336836892437715e+22,
    3.336836892437715e+22,
    3.336836892437715e+22,
    3.336836892437715e+22,
    3.336836892437715e+22,
    3.336836892437715e+22,
    3.336836892437715e+22,
    3.336836892437715e+22,
    3.336836892437715e+22,
    3.336836892437715e+22,
    3.336836892437715e+22,
    3.336836892437715e+22
  ],
  "runtime_seconds": 0.013506889343261719,
  "terminated_reason": "iteration_limit"
}