{
  "LB": 0.0,
  "UB": 1.0934332372779625e+24,
  "gap_pct": 1.0934332372779625e+36,
  "x_LB": [
    [
      0,
      8
    ],
    [
      1,
      2
    ],
    [
      2,
      9
    ],
    [
      3,
      4
    ],
    [
      4,
      0
    ],
    [
      5,
      7
    ],
    [
      6,
      1
    ],
    [
      7,
      6
    ],
    [
      8,
      5
    ],
    [
      9,
      3
    ]
  ],
  "x_star_final": [
    [
      0,
      3
    ],
    [
      1,
      8
    ],
    [
      2,
      2
    ],
    [
      3,
      7
    ],
    [
      4,
      6
    ],
    [
      5,
      1
    ],
    [
      6,
      4
    ],
    [
      7,
      5
    ],
    [
      8,
      9
    ],
    [
      9,
      0
    ]
  ],
  "iterations": 100,
  "lambdas_final": [
    0.0,
    1.8407461244163498e+22,
    1.8407461244163498e+22,
    0.0,
    1.8407461244163498e+22,
    1.8407461244163498e+22,
    1.8407461244163498e+22,
    1.8407461244163498e+22,
    1.8407461244163498e+22,
    1.8407461244163498e+22,
    1.8407461244163498e+22,
    1.8407461244163498e+22,
    1.8407461244163498e+22,
    0.0,
    1.8407461244163498e+22,
    0.0,
    1.8407461244163498e+22,
    1.8407461244163498e+22,
    1.8407461244163498e+22,
    1.8407461244163498e+22,
    1.8407461244163498e+22,
    1.8407461244163498e+22,
    1.8407461244163498e+22,
    1.8407461244163498e+22,
    0.0,
    1.8407461244163498e+22,
    1.8407461244163498e+22,
    1.8407461244163498e+22,
    1.8407461244163498e+22,
    0.0,
    1.8407461244163498e+22,
    1.8407461244163498e+22,
    0.0,
    1.8407461244163498e+22,
    0.0,
    0.0,
    0.0,
    0.0,
    1.8407461244163498e+22,
    1.8407461244163498e+22,
    1.8407461244163498e+22,
    1.8407461244163498e+22,
    1.8407461244163498e+22,
    0.0,
    1.8407461244163498e+22,
    1.8407461244163498e+22,
    1.8407461244163498e+22,
    1.8407461244163498e+22,
    1.8407461244163498e+22,
    0.0,
    1.8407461244163498e+22,
    1.8407461244163498e+22,
    1.8407461244163498e+22,
    1.8407461244163498e+22,
    1.8407461244163498e+22,
    1.8407461244163498e+22,
    1.8407461244163498e+22,
    0.0,
    1.8407461244163498e+22,
    1.8407461244163498e+22,
    0.0,
    1.8407461244163498e+22,
    1.8407461244163498e+22,
    1.8407461244163498e+22,
    1.8407461244163498e+22,
    1.8407461244163498e+22,
    1.8407461244163498e+22,
    1.8407461244163498e+22,
    1.8407461244163498e+22,
    1.8407461244163498e+22,
    1.8407461244163498e+22,
    1.8407461244163498e+22,
    1.8407461244163498e+22,
    1.8407461244163498e+22,
    1.8407461244163498e+22,
    1.8407461244163498e+22,
    0.0,
    0.0,
    1.8407461244163498e+22,
    1.8407461244163498e+22
  ],
  "runtime_seconds": 0.011000394821166992,
  "terminated_reason": "iteration_limit"
}