{
  "LB": 1735.0,
  "UB": 1.0003091701348512e+24,
  "gap_pct": 5.765470721238335e+22,
  "x_LB": [
    [
      0,
      11
    ],
    [
      1,
      7
    ],
    [
      2,
      1
    ],
    [
      3,
      14
    ],
    [
      4,
      16
    ],
    [
      5,
      4
    ],
    [
      6,
      6
    ],
    [
      7,
      15
    ],
    [
      8,
      17
    ],
    [
      9,
      10
    ],
    [
      10,
      2
    ],
    [
      11,
      12
    ],
    [
      12,
      19
    ],
    [
      13,
      8
    ],
    [
      14,
      5
    ],
    [
      15,
      13
    ],
    [
      16,
      9
    ],
    [
      17,
      18
    ],
    [
      18,
      3
    ],
    [
      19,
      0
    ]
  ],
  "x_star_final": [
    [
      0,
      11
    ],
    [
      1,
      7
    ],
    [
      2,
      1
    ],
    [
      3,
      14
    ],
    [
      4,
      16
    ],
    [
      5,
      4
    ],
    [
      6,
      6
    ],
    [
      7,
      2
    ],
    [
      8,
      17
    ],
    [
      9,
      10
    ],
    [
      10,
      15
    ],
    [
      11,
      12
    ],
    [
      12,
      19
    ],
    [
      13,
      8
    ],
    [
      14,
      5
    ],
    [
      15,
      13
    ],
    [
      16,
      9
    ],
    [
      17,
      18
    ],
    [
      18,
      3
    ],
    [
      19,
      0
    ]
  ],
  "iterations": 100,
  "lambdas_final": [
    3.428628068366868e+21,
    3.428628068366868e+21,
    3.428628068366868e+21,
    0.0,
    3.428628068366868e+21,
    0.0,
    3.428628068366868e+21,
    3.428628068366868e+21,
    3.428628068366868e+21,
    3.428628068366868e+21,
    3.428628068366868e+21,
    3.428628068366868e+21,
    3.428628068366868e+21,
    3.428628068366868e+21,
    3.428628068366868e+21,
    3.428628068366868e+21,
    3.428628068366868e+21,
    0.0,
    3.428628068366868e+21,
    0.0,
    3.428628068366868e+21,
    3.428628068366868e+21,
    3.428628068366868e+21,
    3.428628068366868e+21,
    3.428628068366868e+21,
    3.428628068366868e+21,
    3.428628068366868e+21,
    3.428628068366868e+21,
    3.428628068366868e+21,
    3.428628068366868e+21,
    3.428628068366868e+21,
    3.428628068366868e+21,
    3.428628068366868e+21,
    3.428628068366868e+21,
    3.428628068366868e+21,
    3.428628068366868e+21,
    3.428628068366868e+21,
    3.428628068366868e+21,
    3.428628068366868e+21,
    0.0,
    3.428628068366868e+21,
    3.428628068366868e+21,
    3.428628068366868e+21,
    3.428628068366868e+21,
    3.428628068366868e+21,
    0.0,
    3.428628068366868e+21,
    3.428628068366868e+21,
    3.428628068366868e+21,
    3.428628068366868e+21,
    3.428628068366868e+21,
    3.428628068366868e+21,
    3.428628068366868e+21,
    3.428628068366868e+21,
    3.428628068366868e+21,
    3.428628068366868e+21,
    3.428628068366868e+21,
    3.428628068366868e+21,
    3.428628068366868e+21,
    3.428628068366868e+21,
    3.428628068366868e+21,
    3.428628068366868e+21,
    3.428628068366868e+21,
    3.428628068366868e+21,
    3.428628068366868e+21,
    3.428628068366868e+21,
    3.428628068366868e+21,
    3.428628068366868e+21,
    3.428628068366868e+21,
    3.428628068366868e+21,
    3.428628068366868e+21,
    0.0,
    3.428628068366868e+21,
    0.0,
    3.428628068366868e+21,
    3.428628068366868e+21,
    3.428628068366868e+21,
    3.428628068366868e+21,
    3.428628068366868e+21,
    0.0,
    3.428628068366868e+21,
    3.428628068366868e+21,
    0.0,
    3.428628068366868e+21,
    3.428628068366868e+21,
    3.428628068366868e+21,
    3.428628068366868e+21,
    3.428628068366868e+21,
    3.428628068366868e+21,
    3.428628068366868e+21,
    3.428628068366868e+21,
    3.428628068366868e+21,
    3.428628068366868e+21,
    3.428628068366868e+21,
    3.428628068366868e+21,
    3.428628068366868e+21,
    3.428628068366868e+21,
    3.428628068366868e+21,
    3.428628068366868e+21,
    3.428628068366868e+21,
    3.428628068366868e+21,
    3.428628068366868e+21,
    3.428628068366868e+21,
    3.428628068366868e+21,
    3.428628068366868e+21,
    0.0,
    3.428628068366868e+21,
    3.428628068366868e+21,
    3.428628068366868e+21,
    3.428628068366868e+21,
    3.428628068366868e+21,
    0.0,
    3.428628068366868e+21,
    3.428628068366868e+21,
    3.428628068366868e+21,
    3.428628068366868e+21,
    3.428628068366868e+21,
    3.428628068366868e+21,
    3.428628068366868e+21,
    3.428628068366868e+21,
    3.428628068366868e+21,
    3.428628068366868e+21,
    3.428628068366868e+21,
    3.428628068366868e+21,
    3.428628068366868e+21,
    3.428628068366868e+21,
    3.428628068366868e+21,
    3.428628068366868e+21,
    3.428628068366868e+21,
    3.428628068366868e+21,
    3.428628068366868e+21,
    3.428628068366868e+21,
    3.428628068366868e+21,
    3.428628068366868e+21,
    3.428628068366868e+21,
    3.428628068366868e+21,
    3.428628068366868e+21,
    3.428628068366868e+21,
    3.428628068366868e+21,
    3.428628068366868e+21,
    3.428628068366868e+21,
    3.428628068366868e+21,
    3.428628068366868e+21,
    3.428628068366868e+21,
    3.428628068366868e+21,
    3.428628068366868e+21,
    3.428628068366868e+21,
    3.428628068366868e+21,
    3.428628068366868e+21,
    3.428628068366868e+21,
    3.428628068366868e+21,
    0.0,
    3.428628068366868e+21,
    3.428628068366868e+21,
    3.428628068366868e+21,
    3.428628068366868e+21,
    3.428628068366868e+21,
    3.428628068366868e+21,
    3.428628068366868e+21,
    3.428628068366868e+21,
    3.428628068366868e+21,
    3.428628068366868e+21,
    3.428628068366868e+21,
    3.428628068366868e+21,
    3.428628068366868e+21,
    3.428628068366868e+21,
    3.428628068366868e+21,
    3.428628068366868e+21,
    3.428628068366868e+21,
    3.428628068366868e+21,
    3.428628068366868e+21,
    3.428628068366868e+21,
    3.428628068366868e+21,
    3.428628068366868e+21,
    3.428628068366868e+21,
    3.428628068366868e+21,
    3.428628068366868e+21,
    0.0,
    3.428628068366868e+21,
    3.428628068366868e+21,
    3.428628068366868e+21,
    3.428628068366868e+21,
    3.428628068366868e+21,
    3.428628068366868e+21,
    3.428628068366868e+21,
    3.428628068366868e+21,
    3.428628068366868e+21,
    3.428628068366868e+21,
    0.0,
    3.428628068366868e+21,
    0.0,
    3.428628068366868e+21,
    3.428628068366868e+21,
    3.428628068366868e+21,
    0.0,
    3.428628068366868e+21,
    3.428628068366868e+21,
    3.428628068366868e+21,
    3.428628068366868e+21,
    3.428628068366868e+21,
    3.428628068366868e+21,
    3.428628068366868e+21,
    3.428628068366868e+21,
    0.0,
    3.428628068366868e+21,
    3.428628068366868e+21,
    3.428628068366868e+21,
    3.428628068366868e+21,
    3.428628068366868e+21,
    3.428628068366868e+21,
    3.428628068366868e+21,
    0.0,
    3.428628068366868e+21,
    3.428628068366868e+21,
    3.428628068366868e+21,
    0.0,
    3.428628068366868e+21,
    3.428628068366868e+21,
    3.428628068366868e+21,
    3.428628068366868e+21,
    3.428628068366868e+21,
    3.428628068366868e+21,
    3.428628068366868e+21,
    0.0,
    3.428628068366868e+21,
    3.428628068366868e+21,
    3.428628068366868e+21,
    3.428628068366868e+21,
    3.428628068366868e+21,
    3.428628068366868e+21,
    3.428628068366868e+21,
    3.428628068366868e+21,
    3.428628068366868e+21,
    0.0,
    3.428628068366868e+21,
    3.428628068366868e+21,
    0.0,
    3.428628068366868e+21,
    3.428628068366868e+21,
    3.428628068366868e+21,
    3.428628068366868e+21,
    3.428628068366868e+21,
    3.428628068366868e+21,
    3.428628068366868e+21,
    0.0,
    3.428628068366868e+21,
    3.428628068366868e+21,
    3.428628068366868e+21,
    3.428628068366868e+21,
    3.428628068366868e+21,
    3.428628068366868e+21,
    3.428628068366868e+21,
    0.0,
    3.428628068366868e+21,
    3.428628068366868e+21,
    3.428628068366868e+21,
    3.428628068366868e+21,
    3.428628068366868e+21,
    3.428628068366868e+21,
    0.0,
    3.428628068366868e+21,
