{
  "LB": 7382.0,
  "UB": 7399.3004538633195,
  "gap_pct": 0.23435998189270507,
  "x_LB": [
    [
      0,
      66
    ],
    [
      1,
      73
    ],
    [
      2,
      14
    ],
    [
      3,
      29
    ],
    [
      4,
      69
    ],
    [
      5,
      38
    ],
    [
      6,
      1
    ],
    [
      7,
      47
    ],
    [
      8,
      64
    ],
    [
      9,
      35
    ],
    [
      10,
      28
    ],
    [
      11,
      22
    ],
    [
      12,
      8
    ],
    [
      13,
      23
    ],
    [
      14,
      16
    ],
    [
      15,
      55
    ],
    [
      16,
      13
    ],
    [
      17,
      33
    ],
    [
      18,
      37
    ],
    [
      19,
      56
    ],
    [
      20,
      20
    ],
    [
      21,
      70
    ],
    [
      22,
      59
    ],
    [
      23,
      71
    ],
    [
      24,
      32
    ],
    [
      25,
      31
    ],
    [
      26,
      42
    ],
    [
      27,
      24
    ],
    [
      28,
      43
    ],
    [
      29,
      60
    ],
    [
      30,
      41
    ],
    [
      31,
      27
    ],
    [
      32,
      74
    ],
    [
      33,
      18
    ],
    [
      34,
      61
    ],
    [
      35,
      9
    ],
    [
      36,
      49
    ],
    [
      37,
      53
    ],
    [
      38,
      6
    ],
    [
      39,
      67
    ],
    [
      40,
      44
    ],
    [
      41,
      45
    ],
    [
      42,
      39
    ],
    [
      43,
      62
    ],
    [
      44,
      17
    ],
    [
      45,
      50
    ],
    [
      46,
      51
    ],
    [
      47,
      40
    ],
    [
      48,
      4
    ],
    [
      49,
      58
    ],
    [
      50,
      3
    ],
    [
      51,
      25
    ],
    [
      52,
      2
    ],
    [
      53,
      19
    ],
    [
      54,
      48
    ],
    [
      55,
      21
    ],
    [
      56,
      10
    ],
    [
      57,
      63
    ],
    [
      58,
      68
    ],
    [
      59,
      30
    ],
    [
      60,
      36
    ],
    [
      61,
      54
    ],
    [
      62,
      26
    ],
    [
      63,
      12
    ],
    [
      64,
      15
    ],
    [
      65,
      57
    ],
    [
      66,
      11
    ],
    [
      67,
      34
    ],
    [
      68,
      52
    ],
    [
      69,
      0
    ],
    [
      70,
      65
    ],
    [
      71,
      5
    ],
    [
      72,
      72
    ],
    [
      73,
      7
    ],
    [
      74,
      46
    ]
  ],
  "x_star_final": [
    [
      0,
      66
    ],
    [
      1,
      73
    ],
    [
      2,
      14
    ],
    [
      3,
      29
    ],
    [
      4,
      69
    ],
    [
      5,
      38
    ],
    [
      6,
      1
    ],
    [
      7,
      47
    ],
    [
      8,
      64
    ],
    [
      9,
      35
    ],
    [
      10,
      28
    ],
    [
      11,
      22
    ],
    [
      12,
      8
    ],
    [
      13,
      23
    ],
    [
      14,
      16
    ],
    [
      15,
      55
    ],
    [
      16,
      13
    ],
    [
      17,
      33
    ],
    [
      18,
      37
    ],
    [
      19,
      56
    ],
    [
      20,
      20
    ],
    [
      21,
      70
    ],
    [
      22,
      59
    ],
    [
      23,
      71
    ],
    [
      24,
      32
    ],
    [
      25,
      31
    ],
    [
      26,
      42
    ],
    [
      27,
      24
    ],
    [
      28,
      43
    ],
    [
      29,
      60
    ],
    [
      30,
      41
    ],
    [
      31,
      27
    ],
    [
      32,
      74
    ],
    [
      33,
      18
    ],
    [
      34,
      61
    ],
    [
      35,
      9
    ],
    [
      36,
      49
    ],
    [
      37,
      53
    ],
    [
      38,
      6
    ],
    [
      39,
      67
    ],
    [
      40,
      44
    ],
    [
      41,
      45
    ],
    [
      42,
      39
    ],
    [
      43,
      62
    ],
    [
      44,
      17
    ],
    [
      45,
      50
    ],
    [
      46,
      51
    ],
    [
      47,
      40
    ],
    [
      48,
      4
    ],
    [
      49,
      58
    ],
    [
      50,
      3
    ],
    [
      51,
      25
    ],
    [
      52,
      2
    ],
    [
      53,
      19
    ],
    [
      54,
      48
    ],
    [
      55,
      21
    ],
    [
      56,
      10
    ],
    [
      57,
      63
    ],
    [
      58,
      68
    ],
    [
      59,
      30
    ],
    [
      60,
      36
    ],
    [
      61,
      54
    ],
    [
      62,
      26
    ],
    [
      63,
      12
    ],
    [
      64,
      15
    ],
    [
      65,
      57
    ],
    [
      66,
      11
    ],
    [
      67,
      34
    ],
    [
      68,
      52
    ],
    [
      69,
      0
    ],
    [
      70,
      65
    ],
    [
      71,
      5
    ],
    [
      72,
      72
    ],
    [
      73,
      7
    ],
    [
      74,
      46
    ]
  ],
  "iterations": 500,