{
  "LB": 0.0,
  "UB": 2.4651015432209785e+24,
  "gap_pct": 2.4651015432209786e+36,
  "x_LB": [
    [
      0,
      6
    ],
    [
      1,
      8
    ],
    [
      2,
      9
    ],
    [
      3,
      7
    ],
    [
      4,
      5
    ],
    [
      5,
      3
    ],
    [
      6,
      0
    ],
    [
      7,
      4
    ],
    [
      8,
      1
    ],
    [
      9,
      2
    ]
  ],
  "x_star_final": [
    [
      0,
      2
    ],
    [
      1,
      0
    ],
    [
      2,
      5
    ],
    [
      3,
      3
    ],
    [
      4,
      1
    ],
    [
      5,
      6
    ],
    [
      6,
      7
    ],
    [
      7,
      8
    ],
    [
      8,
      9
    ],
    [
      9,
      4
    ]
  ],
  "iterations": 100,
  "lambdas_final": [
    1.5492686996095998e+22,
    0.0,
    1.5492686996095998e+22,
    1.5492686996095998e+22,
    1.5492686996095998e+22,
    0.0,
    1.5492686996095998e+22,
    1.5492686996095998e+22,
    1.5492686996095998e+22,
    1.5492686996095998e+22,
    1.5492686996095998e+22,
    1.5492686996095998e+22,
    1.5492686996095998e+22,
    1.5492686996095998e+22,
    1.5492686996095998e+22,
    1.5492686996095998e+22,
    1.5492686996095998e+22,
    1.5492686996095998e+22,
    1.5492686996095998e+22,
    1.5492686996095998e+22,
    1.5492686996095998e+22,
    1.5492686996095998e+22,
    1.5492686996095998e+22,
    0.0,
    1.5492686996095998e+22,
    1.5492686996095998e+22,
    1.5492686996095998e+22,
    1.5492686996095998e+22,
    1.5492686996095998e+22,
    1.5492686996095998e+22,
    1.5492686996095998e+22,
    1.5492686996095998e+22,
    1.5492686996095998e+22,
    1.5492686996095998e+22,
    1.5492686996095998e+22,
    1.5492686996095998e+22,
    1.5492686996095998e+22,
    1.5492686996095998e+22,
    1.5492686996095998e+22,
    1.5492686996095998e+22,
    1.5492686996095998e+22,
    1.5492686996095998e+22,
    1.5492686996095998e+22,
    1.5492686996095998e+22,
    1.5492686996095998e+22,
    1.5492686996095998e+22,
    0.0,
    1.5492686996095998e+22,
    1.5492686996095998e+22,
    1.5492686996095998e+22,
    1.5492686996095998e+22,
    0.0,
    1.5492686996095998e+22,
    1.5492686996095998e+22,
    1.5492686996095998e+22,
    1.5492686996095998e+22,
    1.5492686996095998e+22,
    0.0,
    1.5492686996095998e+22,
    1.5492686996095998e+22,
    1.5492686996095998e+22,
    1.5492686996095998e+22,
    1.5492686996095998e+22,
    1.5492686996095998e+22,
    0.0,
    1.5492686996095998e+22,
    1.5492686996095998e+22,
    1.5492686996095998e+22,
    1.5492686996095998e+22,
    1.5492686996095998e+22,
    1.5492686996095998e+22,
    0.0,
    1.5492686996095998e+22,
    1.5492686996095998e+22,
    0.0,
    1.5492686996095998e+22,
    1.5492686996095998e+22,
    1.5492686996095998e+22,
    1.5492686996095998e+22,
    1.5492686996095998e+22,
    0.0,
    1.5492686996095998e+22,
    1.5492686996095998e+22,
    1.5492686996095998e+22,
    1.5492686996095998e+22,
    1.5492686996095998e+22,
    1.5492686996095998e+22,
    1.5492686996095998e+22,
    0.0,
    1.5492686996095998e+22,
    1.5492686996095998e+22,
    1.5492686996095998e+22,
    1.5492686996095998e+22,
    1.5492686996095998e+22,
    1.5492686996095998e+22,
    1.5492686996095998e+22,
    1.5492686996095998e+22,
    1.5492686996095998e+22,
    1.5492686996095998e+22,
    1.5492686996095998e+22,
    1.5492686996095998e+22,
    0.0,
    1.5492686996095998e+22,
    1.5492686996095998e+22,
    1.5492686996095998e+22,
    1.5492686996095998e+22,
    1.5492686996095998e+22,
    0.0,
    1.5492686996095998e+22,
    1.5492686996095998e+22,
    1.5492686996095998e+22,
    1.5492686996095998e+22,
    1.5492686996095998e+22,
    0.0,
    1.5492686996095998e+22,
    1.5492686996095998e+22,
    1.5492686996095998e+22,
    1.5492686996095998e+22,
    1.5492686996095998e+22,
    1.5492686996095998e+22,
    1.5492686996095998e+22,
    1.5492686996095998e+22,
    1.5492686996095998e+22,
    1.5492686996095998e+22,
    1.5492686996095998e+22,
    1.5492686996095998e+22,
    0.0,
    1.5492686996095998e+22,
    1.5492686996095998e+22,
    1.5492686996095998e+22,
    1.5492686996095998e+22,
    1.5492686996095998e+22,
    1.5492686996095998e+22,
    1.5492686996095998e+22,
    1.5492686996095998e+22,
    1.5492686996095998e+22,
    1.5492686996095998e+22,
    1.5492686996095998e+22,
    1.5492686996095998e+22,
    1.5492686996095998e+22,
    1.5492686996095998e+22,
    0.0,
    1.5492686996095998e+22,
    0.0,
    1.5492686996095998e+22,
    0.0,
    1.5492686996095998e+22,
    1.5492686996095998e+22,
    1.5492686996095998e+22,
    1.5492686996095998e+22,
    1.5492686996095998e+22,
    1.5492686996095998e+22,
    0.0,
    1.5492686996095998e+22,
    0.0,
    1.5492686996095998e+22,
    1.5492686996095998e+22,
    1.5492686996095998e+22,
    1.5492686996095998e+22,
    0.0,
    1.5492686996095998e+22,
    1.5492686996095998e+22,
    1.5492686996095998e+22,
    1.5492686996095998e+22,
    1.5492686996095998e+22,
    1.5492686996095998e+22,
    0.0,
    1.5492686996095998e+22,
    1.5492686996095998e+22,
    1.5492686996095998e+22,
    1.5492686996095998e+22,
    1.5492686996095998e+22,
    1.5492686996095998e+22,
    1.5492686996095998e+22,
    1.5492686996095998e+22,
    1.5492686996095998e+22,
    0.0,
    0.0,
    0.0,
    0.0,
    0.0,
    1.5492686996095998e+22,
    1.5492686996095998e+22,
    1.5492686996095998e+22,
    0.0,
    1.5492686996095998e+22,
    0.0,
    1.5492686996095998e+22,
    1.5492686996095998e+22,
    1.5492686996095998e+22,
    1.5492686996095998e+22,
    0.0,
    1.5492686996095998e+22,
    1.5492686996095998e+22,
    1.5492686996095998e+22,
    1.5492686996095998e+22,
    1.5492686996095998e+22,
    0.0,
    1.5492686996095998e+22,
    1.5492686996095998e+22
  ],
  "runtime_seconds": 0.01603221893310547,
  "terminated_reason": "iteration_limit"
}