{
  "LB": 819.0,
  "UB": 819.5505483910986,
  "gap_pct": 0.06722202577516156,
  "x_LB": [
    [
      0,
      3
    ],
    [
      1,
      2
    ],
    [
      2,
      0
    ],
    [
      3,
      7
    ],
    [
      4,
      4
    ],
    [
      5,
      9
    ],
    [
      6,
      1
    ],
    [
      7,
      5
    ],
    [
      8,
      6
    ],
    [
      9,
      8
    ]
  ],
  "x_star_final": [
    [
      0,
      3
    ],
    [
      1,
      2
    ],
    [
      2,
      0
    ],
    [
      3,
      7
    ],
    [
      4,
      4
    ],
    [
      5,
      9
    ],
    [
      6,
      1
    ],
    [
      7,
      5
    ],
    [
      8,
      6
    ],
    [
      9,
      8
    ]
  ],
  "iterations": 500,
  "lambdas_final": [
    0.0,
    0.0,
    0.0,
    0.0,
    0.0,
    0.0,
    0.0,
    0.0,
    0.0,
    0.0,
    0.0,
    0.0,
    0.0,
    0.0,
    0.0,
    0.5505483869966158,
    0.0,
    23.323502988416863,
    0.0,
    0.0
  ],
  "runtime_seconds": 0.010600805282592773,
  "terminated_reason": "iteration_limit"
}