{
  "LB": 2844.0,
  "UB": 2864.774773854299,
  "gap_pct": 0.7304772803902576,
  "x_LB": [
    [
      0,
      0
    ],
    [
      1,
      25
    ],
    [
      2,
      6
    ],
    [
      3,
      17
    ],
    [
      4,
      21
    ],
    [
      5,
      23
    ],
    [
      6,
      7
    ],
    [
      7,
      10
    ],
    [
      8,
      3
    ],
    [
      9,
      26
    ],
    [
      10,
      16
    ],
    [
      11,
      18
    ],
    [
      12,
      5
    ],
    [
      13,
      4
    ],
    [
      14,
      15
    ],
    [
      15,
      14
    ],
    [
      16,
      9
    ],
    [
      17,
      24
    ],
    [
      18,
      29
    ],
    [
      19,
      8
    ],
    [
      20,
      28
    ],
    [
      21,
      22
    ],
    [
      22,
      13
    ],
    [
      23,
      12
    ],
    [
      24,
      1
    ],
    [
      25,
      27
    ],
    [
      26,
      2
    ],
    [
      27,
      11
    ],
    [
      28,
      19
    ],
    [
      29,
      20
    ]
  ],
  "x_star_final": [
    [
      0,
      0
    ],
    [
      1,
      25
    ],
    [
      2,
      6
    ],
    [
      3,
      17
    ],
    [
      4,
      21
    ],
    [
      5,
      23
    ],
    [
      6,
      7
    ],
    [
      7,
      10
    ],
    [
      8,
      3
    ],
    [
      9,
      26
    ],
    [
      10,
      16
    ],
    [
      11,
      18
    ],
    [
      12,
      5
    ],
    [
      13,
      4
    ],
    [
      14,
      15
    ],
    [
      15,
      14
    ],
    [
      16,
      9
    ],
    [
      17,
      24
    ],
    [
      18,
      29
    ],
    [
      19,
      8
    ],
    [
      20,
      28
    ],
    [
      21,
      22
    ],
    [
      22,
      13
    ],
    [
      23,
      12
    ],
    [
      24,
      1
    ],
    [
      25,
      27
    ],
    [
      26,
      2
    ],
    [
      27,
      11
    ],
    [
      28,
      19
    ],
    [
      29,
      20
    ]
  ],
  "iterations": 500,
  "lambdas_final": [
    0.0,
    0.0,
    0.0,
    0.0,
    0.0,
    0.0,
    0.0,
    0.0,
    0.0,
    0.0,
    0.0,
    0.0,
    0.0,
    0.0,
    0.0,
    0.0,
    0.0,
    0.0,
    0.0,
    0.0,
    0.0,
    0.0,
    0.0,
    0.0,
    0.0,
    0.0,
    0.0,
    0.0,
    0.0,
    0.0,
    0.0,
    0.0,
    0.0,
    0.0,
    0.0,
    0.0,
    0.0,
    0.0,
    0.0,
    0.0,
    0.0,
    0.0,
    0.0,
    0.0,
    20.774773840540274,
    0.0,
    0.0,
    0.0,
    0.0,
    0.0,
    0.0,
    0.0,
    0.0,
    0.0,
    0.0,
    0.0,
    0.0,
    0.0,
    0.0,
    0.0,
    0.0,
    0.0,
    0.0,
    0.0,
    0.0,
    0.0,
    0.0,
    0.0,
    0.0,
    0.0,
    0.0,
    0.0,
    0.0,
    0.0,
    0.0,
    0.0,
    0.0,
    0.0,
    0.0,
    0.0,
    0.0,
    0.0,
    0.0,
    0.0,
    0.0,
    0.0,
    0.0,
    0.0,
    0.0,
    0.0,
    0.0,
    0.0,
    0.0,
    0.0,
    0.0,
    0.0,
    0.0,
    0.0,
    0.0,
    0.0,
    0.0,
    0.0,
    0.0,
    0.0,
    0.0,
    0.0,
    0.0,
    0.0,
    0.0,
    0.0,
    0.0,
    0.0,
    0.0,
    0.0,
    0.0,
    0.0,
    0.0,
    0.0,
    0.0,
    0.0,
    0.0,
    0.0,
    0.0,
    0.0,
    0.0,
    0.0,
    0.0,
    0.0,
    0.0,
    0.0,
    0.0,
    0.0,
    0.0,
    0.0,
    0.0,
    0.0,
    0.0,
    0.0,
    0.0,
    0.0,
    0.0,
    0.0,
    0.0,
    0.0,
    0.0,
    0.0,
    0.0,
    0.0,
    0.0,
    0.0,
    0.0,
    0.0,
    0.0,
    0.0,
    0.0,
    0.0,
    0.0,
    0.0,
    0.0,
    0.0,
    0.0,
    0.0,
    0.0,
    0.0,
    0.0,
    0.0,
    0.0,
    0.0,
    0.0,
    0.0,
    0.0,
    0.0,
    0.0,
    0.0,
    0.0,
    0.0,
    0.0,
    0.0,
    0.0,
    0.0,
    0.0,
    0.0,
    0.0,
    0.0,
    0.0,
    0.0,
    0.0,
    0.0,
    0.0
  ],
  "runtime_seconds": 0.03975868225097656,
  "terminated_reason": "iteration_limit"
}