{
  "LB": 0.0,
  "UB": 1.9272531946259675e+24,
  "gap_pct": 1.9272531946259676e+36,
  "x_LB": [
    [
      0,
      5
    ],
    [
      1,
      9
    ],
    [
      2,
      3
    ],
    [
      3,
      4
    ],
    [
      4,
      6
    ],
    [
      5,
      7
    ],
    [
      6,
      2
    ],
    [
      7,
      8
    ],
    [
      8,
      1
    ],
    [
      9,
      0
    ]
  ],
  "x_star_final": [
    [
      0,
      6
    ],
    [
      1,
      0
    ],
    [
      2,
      9
    ],
    [
      3,
      7
    ],
    [
      4,
      2
    ],
    [
      5,
      8
    ],
    [
      6,
      4
    ],
    [
      7,
      1
    ],
    [
      8,
      5
    ],
    [
      9,
      3
    ]
  ],
  "iterations": 100,
  "lambdas_final": [
    3.0087659101950587e+22,
    3.0087659101950587e+22,
    3.0087659101950587e+22,
    0.0,
    3.0087659101950587e+22,
    0.0,
    3.0087659101950587e+22,
    3.0087659101950587e+22,
    3.0087659101950587e+22,
    3.0087659101950587e+22,
    3.0087659101950587e+22,
    0.0,
    3.0087659101950587e+22,
    0.0,
    3.0087659101950587e+22,
    3.0087659101950587e+22,
    3.0087659101950587e+22,
    3.0087659101950587e+22,
    3.0087659101950587e+22,
    3.0087659101950587e+22,
    3.0087659101950587e+22,
    3.0087659101950587e+22,
    3.0087659101950587e+22,
    3.0087659101950587e+22,
    3.0087659101950587e+22,
    3.0087659101950587e+22,
    3.0087659101950587e+22,
    3.0087659101950587e+22,
    3.0087659101950587e+22,
    0.0,
    3.0087659101950587e+22,
    3.0087659101950587e+22,
    3.0087659101950587e+22,
    3.0087659101950587e+22,
    3.0087659101950587e+22,
    3.0087659101950587e+22,
    3.0087659101950587e+22,
    3.0087659101950587e+22,
    3.0087659101950587e+22,
    3.0087659101950587e+22,
    3.0087659101950587e+22,
    3.0087659101950587e+22,
    3.0087659101950587e+22,
    0.0,
    3.0087659101950587e+22,
    0.0,
    0.0,
    3.0087659101950587e+22,
    3.0087659101950587e+22,
    3.0087659101950587e+22,
    3.0087659101950587e+22,
    3.0087659101950587e+22,
    3.0087659101950587e+22,
    3.0087659101950587e+22,
    3.0087659101950587e+22,
    3.0087659101950587e+22,
    3.0087659101950587e+22,
    0.0,
    3.0087659101950587e+22,
    3.0087659101950587e+22,
    3.0087659101950587e+22,
    3.0087659101950587e+22,
    0.0,
    3.0087659101950587e+22,
    3.0087659101950587e+22,
    3.0087659101950587e+22,
    3.0087659101950587e+22,
    3.0087659101950587e+22,
    3.0087659101950587e+22,
    3.0087659101950587e+22,
    3.0087659101950587e+22,
    0.0,
    3.0087659101950587e+22,
    3.0087659101950587e+22,
    3.0087659101950587e+22,
    3.0087659101950587e+22,
    3.0087659101950587e+22,
    3.0087659101950587e+22,
    3.0087659101950587e+22,
    0.0
  ],
  "runtime_seconds": 0.009199142456054688,
  "terminated_reason": "iteration_limit"
}