{
  "LB": 681.0,
  "UB": 3.991914177669799e+23,
  "gap_pct": 5.861841670587077e+22,
  "x_LB": [
    [
      0,
      4
    ],
    [
      1,
      7
    ],
    [
      2,
      2
    ],
    [
      3,
      3
    ],
    [
      4,
      6
    ],
    [
      5,
      5
    ],
    [
      6,
      9
    ],
    [
      7,
      8
    ],
    [
      8,
      1
    ],
    [
      9,
      0
    ]
  ],
  "x_star_final": [
    [
      0,
      4
    ],
    [
      1,
      7
    ],
    [
      2,
      6
    ],
    [
      3,
      3
    ],
    [
      4,
      2
    ],
    [
      5,
      5
    ],
    [
      6,
      9
    ],
    [
      7,
      8
    ],
    [
      8,
      1
    ],
    [
      9,
      0
    ]
  ],
  "iterations": 100,
  "lambdas_final": [
    2.8688505696344914e+21,
    2.8688505696344914e+21,
    2.8688505696344914e+21,
    2.8688505696344914e+21,
    2.8688505696344914e+21,
    0.0,
    2.8688505696344914e+21,
    2.8688505696344914e+21,
    2.8688505696344914e+21,
    2.8688505696344914e+21,
    2.8688505696344914e+21,
    2.8688505696344914e+21,
    0.0,
    2.8688505696344914e+21,
    2.8688505696344914e+21,
    0.0,
    0.0,
    0.0,
    0.0,
    2.8688505696344914e+21,
    2.8688505696344914e+21,
    2.8688505696344914e+21,
    2.8688505696344914e+21,
    2.8688505696344914e+21,
    0.0,
    2.8688505696344914e+21,
    2.8688505696344914e+21,
    0.0,
    2.8688505696344914e+21,
    0.0,
    2.8688505696344914e+21,
    2.8688505696344914e+21,
    2.8688505696344914e+21,
    0.0,
    2.8688505696344914e+21,
    2.8688505696344914e+21,
    2.8688505696344914e+21,
    2.8688505696344914e+21,
    2.8688505696344914e+21,
    0.0,
    2.8688505696344914e+21,
    2.8688505696344914e+21,
    2.8688505696344914e+21,
    0.0,
    2.8688505696344914e+21,
    2.8688505696344914e+21,
    2.8688505696344914e+21,
    2.8688505696344914e+21,
    2.8688505696344914e+21,
    0.0,
    2.8688505696344914e+21,
    0.0,
    2.8688505696344914e+21,
    2.8688505696344914e+21,
    0.0,
    2.8688505696344914e+21,
    2.8688505696344914e+21,
    2.8688505696344914e+21,
    2.8688505696344914e+21,
    2.8688505696344914e+21,
    2.8688505696344914e+21,
    0.0,
    2.8688505696344914e+21,
    0.0,
    2.8688505696344914e+21,
    2.8688505696344914e+21,
    2.8688505696344914e+21,
    2.8688505696344914e+21,
    2.8688505696344914e+21,
    2.8688505696344914e+21,
    2.8688505696344914e+21,
    2.8688505696344914e+21,
    2.8688505696344914e+21,
    2.8688505696344914e+21,
    2.8688505696344914e+21,
    2.8688505696344914e+21,
    2.8688505696344914e+21,
    0.0,
    2.8688505696344914e+21,
    2.8688505696344914e+21,
    0.0,
    2.8688505696344914e+21,
    2.8688505696344914e+21,
    0.0,
    2.8688505696344914e+21,
    0.0,
    2.8688505696344914e+21,
    2.8688505696344914e+21,
    2.8688505696344914e+21,
    2.8688505696344914e+21,
    2.8688505696344914e+21,
    0.0,
    2.8688505696344914e+21,
    2.8688505696344914e+21,
    2.8688505696344914e+21,
    2.8688505696344914e+21,
    2.8688505696344914e+21,
    0.0,
    2.8688505696344914e+21,
    2.8688505696344914e+21,
    2.8688505696344914e+21,
    2.8688505696344914e+21,
    2.8688505696344914e+21,
    2.8688505696344914e+21,
    2.8688505696344914e+21,
    2.8688505696344914e+21,
    2.8688505696344914e+21,
    2.8688505696344914e+21,
    2.8688505696344914e+21,
    2.8688505696344914e+21,
    0.0,
    2.8688505696344914e+21,
    2.8688505696344914e+21,
    2.8688505696344914e+21,
    2.8688505696344914e+21,
    0.0,
    2.8688505696344914e+21,
    2.8688505696344914e+21,
    2.8688505696344914e+21,
    2.8688505696344914e+21,
    2.8688505696344914e+21,
    0.0,
    2.8688505696344914e+21,
    2.8688505696344914e+21,
    2.8688505696344914e+21,
    2.8688505696344914e+21,
    2.8688505696344914e+21,
    0.0,
    0.0,
    2.8688505696344914e+21,
    2.8688505696344914e+21,
    2.8688505696344914e+21,
    2.8688505696344914e+21,
    2.8688505696344914e+21,
    0.0,
    2.8688505696344914e+21,
    2.8688505696344914e+21,
    2.8688505696344914e+21,
    2.8688505696344914e+21,
    2.8688505696344914e+21,
    0.0,
    0.0,
    0.0,
    2.8688505696344914e+21,
    0.0,
    2.8688505696344914e+21,
    0.0,
    2.8688505696344914e+21,
    2.8688505696344914e+21,
    2.8688505696344914e+21,
    2.8688505696344914e+21,
    2.8688505696344914e+21,
    2.8688505696344914e+21,
    0.0,
    2.8688505696344914e+21,
    2.8688505696344914e+21,
    0.0,
    2.8688505696344914e+21,
    2.8688505696344914e+21,
    2.8688505696344914e+21,
    0.0,
    2.8688505696344914e+21,
    2.8688505696344914e+21,
    2.8688505696344914e+21,
    0.0,
    2.8688505696344914e+21,
    2.8688505696344914e+21,
    2.8688505696344914e+21,
    2.8688505696344914e+21,
    2.8688505696344914e+21,
    0.0,
    0.0,
    2.8688505696344914e+21,
    2.8688505696344914e+21,
    2.8688505696344914e+21,
    2.8688505696344914e+21,
    2.8688505696344914e+21,
    2.8688505696344914e+21,
    2.8688505696344914e+21,
    2.8688505696344914e+21,
    2.8688505696344914e+21,
    2.8688505696344914e+21,
    0.0,
    0.0,
    2.8688505696344914e+21,
    2.8688505696344914e+21,
    2.8688505696344914e+21,
    2.8688505696344914e+21,
    2.8688505696344914e+21,
    2.8688505696344914e+21,
    2.8688505696344914e+21,
    2.8688505696344914e+21,
    0.0,
    2.8688505696344914e+21,
    2.8688505696344914e+21,
    2.8688505696344914e+21,
    0.0,
    2.8688505696344914e+21,
    2.8688505696344914e+21,
    2.8688505696344914e+21
  ],
  "runtime_seconds": 0.014099359512329102,
  "terminated_reason": "iteration_limit"
}