{
  "LB": 1804.0,
  "UB": 2.9173362011813187e+23,
  "gap_pct": 1.6171486702778928e+22,
  "x_LB": [
    [
      0,
      0
    ],
    [
      1,
      3
    ],
    [
      2,
      4
    ],
    [
      3,
      1
    ],
    [
      4,
      13
    ],
    [
      5,
      7
    ],
    [
      6,
      5
    ],
    [
      7,
      15
    ],
    [
      8,
      18
    ],
    [
      9,
      9
    ],
    [
      10,
      17
    ],
    [
      11,
      11
    ],
    [
      12,
      2
    ],
    [
      13,
      10
    ],
    [
      14,
      19
    ],
    [
      15,
      16
    ],
    [
      16,
      8
    ],
    [
      17,
      6
    ],
    [
      18,
      12
    ],
    [
      19,
      14
    ]
  ],
  "x_star_final": [
    [
      0,
      0
    ],
    [
      1,
      2
    ],
    [
      2,
      4
    ],
    [
      3,
      1
    ],
    [
      4,
      13
    ],
    [
      5,
      7
    ],
    [
      6,
      5
    ],
    [
      7,
      15
    ],
    [
      8,
      18
    ],
    [
      9,
      9
    ],
    [
      10,
      17
    ],
    [
      11,
      11
    ],
    [
      12,
      3
    ],
    [
      13,
      10
    ],
    [
      14,
      19
    ],
    [
      15,
      16
    ],
    [
      16,
      8
    ],
    [
      17,
      6
    ],
    [
      18,
      12
    ],
    [
      19,
      14
    ]
  ],
  "iterations": 100,
  "lambdas_final": [
    5.156798832424231e+20,
    5.156798832424231e+20,
    5.156798832424231e+20,
    5.156798832424231e+20,
    5.156798832424231e+20,
    0.0,
    5.156798832424231e+20,
    0.0,
    5.156798832424231e+20,
    5.156798832424231e+20,
    5.156798832424231e+20,
    5.156798832424231e+20,
    5.156798832424231e+20,
    0.0,
    5.156798832424231e+20,
    5.156798832424231e+20,
    5.156798832424231e+20,
    5.156798832424231e+20,
    5.156798832424231e+20,
    0.0,
    5.156798832424231e+20,
    5.156798832424231e+20,
    0.0,
    5.156798832424231e+20,
    5.156798832424231e+20,
    5.156798832424231e+20,
    5.156798832424231e+20,
    5.156798832424231e+20,
    5.156798832424231e+20,
    5.156798832424231e+20,
    5.156798832424231e+20,
    5.156798832424231e+20,
    5.156798832424231e+20,
    5.156798832424231e+20,
    5.156798832424231e+20,
    0.0,
    5.156798832424231e+20,
    0.0,
    5.156798832424231e+20,
    5.156798832424231e+20,
    5.156798832424231e+20,
    5.156798832424231e+20,
    5.156798832424231e+20,
    5.156798832424231e+20,
    5.156798832424231e+20,
    5.156798832424231e+20,
    5.156798832424231e+20,
    5.156798832424231e+20,
    5.156798832424231e+20,
    5.156798832424231e+20,
    0.0,
    0.0,
    5.156798832424231e+20,
    0.0,
    5.156798832424231e+20,
    0.0,
    5.156798832424231e+20,
    5.156798832424231e+20,
    5.156798832424231e+20,
    5.156798832424231e+20,
    5.156798832424231e+20,
    5.156798832424231e+20,
    5.156798832424231e+20,
    5.156798832424231e+20,
    0.0,
    5.156798832424231e+20,
    5.156798832424231e+20,
    5.156798832424231e+20,
    5.156798832424231e+20,
    5.156798832424231e+20,
    0.0,
    5.156798832424231e+20,
    5.156798832424231e+20,
    5.156798832424231e+20,
    5.156798832424231e+20,
    0.0,
    5.156798832424231e+20,
    0.0,
    5.156798832424231e+20,
    5.156798832424231e+20,
    5.156798832424231e+20,
    0.0,
    5.156798832424231e+20,
    5.156798832424231e+20,
    5.156798832424231e+20,
    5.156798832424231e+20,
    0.0,
    5.156798832424231e+20,
    0.0,
    5.156798832424231e+20,
    5.156798832424231e+20,
    5.156798832424231e+20,
    5.156798832424231e+20,
    5.156798832424231e+20,
    5.156798832424231e+20,
    5.156798832424231e+20,
    5.156798832424231e+20,
    5.156798832424231e+20,
    5.156798832424231e+20,
    5.156798832424231e+20,
    5.156798832424231e+20,
    5.156798832424231e+20,
    5.156798832424231e+20,
    5.156798832424231e+20,
    5.156798832424231e+20,
    5.156798832424231e+20,
    5.156798832424231e+20,
    5.156798832424231e+20,
    5.156798832424231e+20,
    5.156798832424231e+20,
    5.156798832424231e+20,
    5.156798832424231e+20,
    5.156798832424231e+20,
    5.156798832424231e+20,
    5.156798832424231e+20,
    5.156798832424231e+20,
    5.156798832424231e+20,
    5.156798832424231e+20,
    5.156798832424231e+20,
    5.156798832424231e+20,
    5.156798832424231e+20,
    5.156798832424231e+20,
    5.156798832424231e+20,
    5.156798832424231e+20,
    5.156798832424231e+20,
    0.0,
    5.156798832424231e+20,
    5.156798832424231e+20,
    5.156798832424231e+20,
    0.0,
    5.156798832424231e+20,
    5.156798832424231e+20,
    5.156798832424231e+20,
    5.156798832424231e+20,
    5.156798832424231e+20,
    0.0,
    5.156798832424231e+20,
    5.156798832424231e+20,
    5.156798832424231e+20,
    5.156798832424231e+20,
    5.156798832424231e+20,
    0.0,
    5.156798832424231e+20,
    5.156798832424231e+20,
    5.156798832424231e+20,
    5.156798832424231e+20,
    5.156798832424231e+20,
    5.156798832424231e+20,
    5.156798832424231e+20,
    5.156798832424231e+20,
    5.156798832424231e+20,
    5.156798832424231e+20,
    5.156798832424231e+20,
    5.156798832424231e+20,
    5.156798832424231e+20,
    5.156798832424231e+20,
    5.156798832424231e+20,
    5.156798832424231e+20,
    5.156798832424231e+20,
    5.156798832424231e+20,
    5.156798832424231e+20,
    5.156798832424231e+20,
    5.156798832424231e+20,
    5.156798832424231e+20,
    5.156798832424231e+20,
    5.156798832424231e+20,
    5.156798832424231e+20,
    5.156798832424231e+20,
    5.156798832424231e+20,
    5.156798832424231e+20,
    5.156798832424231e+20,
    5.156798832424231e+20,
    5.156798832424231e+20,
    5.156798832424231e+20,
    5.156798832424231e+20,
    5.156798832424231e+20,
    0.0,
    5.156798832424231e+20,
    5.156798832424231e+20,
    5.156798832424231e+20,
    5.156798832424231e+20,
    5.156798832424231e+20,
    5.156798832424231e+20,
    0.0,
    5.156798832424231e+20,
    5.156798832424231e+20,
    5.156798832424231e+20,
    5.156798832424231e+20,
    5.156798832424231e+20,
    5.156798832424231e+20,
    5.156798832424231e+20,
    5.156798832424231e+20,
    5.156798832424231e+20,
    5.156798832424231e+20,
    5.156798832424231e+20,
    5.156798832424231e+20,
    5.156798832424231e+20,
    5.156798832424231e+20,
    0.0,
    5.156798832424231e+20,
    5.156798832424231e+20,
    5.156798832424231e+20,
    5.156798832424231e+20,
    5.156798832424231e+20,
    0.0,
    5.156798832424231e+20,
    0.0,
    5.156798832424231e+20,
    5.156798832424231e+20,
    5.156798832424231e+20,
    5.156798832424231e+20,
    5.156798832424231e+20,
    0.0,
    5.156798832424231e+20,
    0.0,
    5.156798832424231e+20,
    5.156798832424231e+20,
    5.156798832424231e+20,
    0.0,
    5.156798832424231e+20,
    0.0,
    5.156798832424231e+20,
    5.156798832424231e+20,
    5.156798832424231e+20,
    0.0,
    0.0,
    5.156798832424231e+20,
    5.156798832424231e+20,
    0.0,
    5.156798832424231e+20,
    5.156798832424231e+20,
    5.156798832424231e+20,
    5.156798832424231e+20,
    5.156798832424231e+20,
    5.156798832424231e+20,
    5.156798832424231e+20,
    5.156798832424231e+20,
    5.156798832424231e+20,
    0.0,
    0.0,
    5.156798832424231e+20,
    5.156798832424231e+20,
    5.156798832424231e+20,
    5.156798832424231e+20,
    5.156798832424231e+20,
    5.156798832424231e+20,
    5.156798832424231e+20,
    5.156798832424231e+20,
    5.156798832424231e+20,
    5.156798832424231e+20,
    5.156798832424231e+20,
    0.0,
    5.156798832424231e+20,
    5.156798832424231e+20,
    0.0,
    0.0,
    5.156798832424231e+20,
    0.0,
    5.156798832424231e+20,
    5.156798832424231e+20,
    5.156798832424231e+20,
    5.156798832424231e+20,
    5.156798832424231e+20,
    5.156798832424231e+20,
    5.156798832424231e+20,
    5.156798832424231e+20,
    5.156798832424231e+20,
    5.156798832424231e+20,
    5.156798832424231e+20,
    5.156798832424231e+20,
