{
  "LB": 0.0,
  "UB": 5.510704558848226e+24,
  "gap_pct": 5.510704558848226e+36,
  "x_LB": [
    [
      0,
      17
    ],
    [
      1,
      19
    ],
    [
      2,
      10
    ],
    [
      3,
      14
    ],
    [
      4,
      5
    ],
    [
      5,
      18
    ],
    [
      6,
      16
    ],
    [
      7,
      11
    ],
    [
      8,
      4
    ],
    [
      9,
      8
    ],
    [
      10,
      6
    ],
    [
      11,
      0
    ],
    [
      12,
      13
    ],
    [
      13,
      1
    ],
    [
      14,
      2
    ],
    [
      15,
      15
    ],
    [
      16,
      12
    ],
    [
      17,
      3
    ],
    [
      18,
      9
    ],
    [
      19,
      7
    ]
  ],
  "x_star_final": [
    [
      0,
      9
    ],
    [
      1,
      11
    ],
    [
      2,
      15
    ],
    [
      3,
      10
    ],
    [
      4,
      1
    ],
    [
      5,
      2
    ],
    [
      6,
      4
    ],
    [
      7,
      6
    ],
    [
      8,
      8
    ],
    [
      9,
      0
    ],
    [
      10,
      12
    ],
    [
      11,
      7
    ],
    [
      12,
      18
    ],
    [
      13,
      16
    ],
    [
      14,
      14
    ],
    [
      15,
      5
    ],
    [
      16,
      13
    ],
    [
      17,
      17
    ],
    [
      18,
      3
    ],
    [
      19,
      19
    ]
  ],
  "iterations": 100,
  "lambdas_final": [
    1.7899173886975896e+22,
    1.7899173886975896e+22,
    1.7899173886975896e+22,
    0.0,
    1.7899173886975896e+22,
    1.7899173886975896e+22,
    1.7899173886975896e+22,
    1.7899173886975896e+22,
    1.7899173886975896e+22,
    1.7899173886975896e+22,
    0.0,
    1.7899173886975896e+22,
    1.7899173886975896e+22,
    1.7899173886975896e+22,
    1.7899173886975896e+22,
    1.7899173886975896e+22,
    1.7899173886975896e+22,
    0.0,
    1.7899173886975896e+22,
    1.7899173886975896e+22,
    1.7899173886975896e+22,
    1.7899173886975896e+22,
    1.7899173886975896e+22,
    1.7899173886975896e+22,
    1.7899173886975896e+22,
    1.7899173886975896e+22,
    1.7899173886975896e+22,
    1.7899173886975896e+22,
    1.7899173886975896e+22,
    1.7899173886975896e+22,
    1.7899173886975896e+22,
    1.7899173886975896e+22,
    1.7899173886975896e+22,
    1.7899173886975896e+22,
    1.7899173886975896e+22,
    1.7899173886975896e+22,
    1.7899173886975896e+22,
    1.7899173886975896e+22,
    1.7899173886975896e+22,
    1.7899173886975896e+22,
    1.7899173886975896e+22,
    1.7899173886975896e+22,
    1.7899173886975896e+22,
    1.7899173886975896e+22,
    1.7899173886975896e+22,
    1.7899173886975896e+22,
    0.0,
    1.7899173886975896e+22,
    1.7899173886975896e+22,
    0.0,
    1.7899173886975896e+22,
    1.7899173886975896e+22,
    1.7899173886975896e+22,
    1.7899173886975896e+22,
    1.7899173886975896e+22,
    0.0,
    1.7899173886975896e+22,
    1.7899173886975896e+22,
    1.7899173886975896e+22,
    1.7899173886975896e+22,
    1.7899173886975896e+22,
    1.7899173886975896e+22,
    1.7899173886975896e+22,
    1.7899173886975896e+22,
    1.7899173886975896e+22,
    1.7899173886975896e+22,
    1.7899173886975896e+22,
    1.7899173886975896e+22,
    1.7899173886975896e+22,
    0.0,
    1.7899173886975896e+22,
    1.7899173886975896e+22,
    1.7899173886975896e+22,
    1.7899173886975896e+22,
    1.7899173886975896e+22,
    1.7899173886975896e+22,
    1.7899173886975896e+22,
    1.7899173886975896e+22,
    1.7899173886975896e+22,
    1.7899173886975896e+22,
    1.7899173886975896e+22,
    1.7899173886975896e+22,
    1.7899173886975896e+22,
    1.7899173886975896e+22,
    1.7899173886975896e+22,
    1.7899173886975896e+22,
    1.7899173886975896e+22,
    0.0,
    1.7899173886975896e+22,
    1.7899173886975896e+22,
    1.7899173886975896e+22,
    1.7899173886975896e+22,
    1.7899173886975896e+22,
    1.7899173886975896e+22,
    1.7899173886975896e+22,
    1.7899173886975896e+22,
    1.7899173886975896e+22,
    1.7899173886975896e+22,
    1.7899173886975896e+22,
    1.7899173886975896e+22,
    1.7899173886975896e+22,
    1.7899173886975896e+22,
    1.7899173886975896e+22,
    1.7899173886975896e+22,
    1.7899173886975896e+22,
    1.7899173886975896e+22,
    1.7899173886975896e+22,
    1.7899173886975896e+22,
    1.7899173886975896e+22,
    1.7899173886975896e+22,
    1.7899173886975896e+22,
    1.7899173886975896e+22,
    1.7899173886975896e+22,
    1.7899173886975896e+22,
    1.7899173886975896e+22,
    1.7899173886975896e+22,
    1.7899173886975896e+22,
    1.7899173886975896e+22,
    0.0,
    1.7899173886975896e+22,
    1.7899173886975896e+22,
    1.7899173886975896e+22,
    1.7899173886975896e+22,
    1.7899173886975896e+22,
    1.7899173886975896e+22,
    1.7899173886975896e+22,
    1.7899173886975896e+22,
    1.7899173886975896e+22,
    1.7899173886975896e+22,
    1.7899173886975896e+22,
    1.7899173886975896e+22,
    0.0,
    1.7899173886975896e+22,
    1.7899173886975896e+22,
    0.0,
    1.7899173886975896e+22,
    1.7899173886975896e+22,
    1.7899173886975896e+22,
    1.7899173886975896e+22,
    1.7899173886975896e+22,
    1.7899173886975896e+22,
    1.7899173886975896e+22,
    1.7899173886975896e+22,
    1.7899173886975896e+22,
    1.7899173886975896e+22,
    1.7899173886975896e+22,
    1.7899173886975896e+22,
    1.7899173886975896e+22,
    1.7899173886975896e+22,
    1.7899173886975896e+22,
    1.7899173886975896e+22,
    1.7899173886975896e+22,
    1.7899173886975896e+22,
    1.7899173886975896e+22,
    1.7899173886975896e+22,
    1.7899173886975896e+22,
    1.7899173886975896e+22,
    1.7899173886975896e+22,
    1.7899173886975896e+22,
    1.7899173886975896e+22,
    0.0,
    1.7899173886975896e+22,
    1.7899173886975896e+22,
    1.7899173886975896e+22,
    1.7899173886975896e+22,
    1.7899173886975896e+22,
    0.0,
    1.7899173886975896e+22,
    1.7899173886975896e+22,
    1.7899173886975896e+22,
    1.7899173886975896e+22,
    1.7899173886975896e+22,
    1.7899173886975896e+22,
    1.7899173886975896e+22,
    1.7899173886975896e+22,
    1.7899173886975896e+22,
    1.7899173886975896e+22,
    1.7899173886975896e+22,
    1.7899173886975896e+22,
    1.7899173886975896e+22,
    1.7899173886975896e+22,
    1.7899173886975896e+22,
    0.0,
    1.7899173886975896e+22,
    1.7899173886975896e+22,
    1.7899173886975896e+22,
    1.7899173886975896e+22,
    1.7899173886975896e+22,
    1.7899173886975896e+22,
    1.7899173886975896e+22,
    1.7899173886975896e+22,
    1.7899173886975896e+22,
    1.7899173886975896e+22,
    1.7899173886975896e+22,
    1.7899173886975896e+22,
    1.7899173886975896e+22,
    1.7899173886975896e+22,
    1.7899173886975896e+22,
    1.7899173886975896e+22,
    1.7899173886975896e+22,
    0.0,
    1.7899173886975896e+22,
    1.7899173886975896e+22,
    1.7899173886975896e+22,
    1.7899173886975896e+22,
    1.7899173886975896e+22,
    1.7899173886975896e+22,
    1.7899173886975896e+22,
    0.0,
    1.7899173886975896e+22,
    1.7899173886975896e+22,
    1.7899173886975896e+22,
    1.7899173886975896e+22,
    1.7899173886975896e+22,
    1.7899173886975896e+22,
    0.0,
    1.7899173886975896e+22,
    0.0,
    1.7899173886975896e+22,
    0.0,
    1.7899173886975896e+22,
    1.7899173886975896e+22,
    1.7899173886975896e+22,
    0.0,
    1.7899173886975896e+22,
    1.7899173886975896e+22,
    1.7899173886975896e+22,
    0.0,
    1.7899173886975896e+22,
    1.7899173886975896e+22,
    1.7899173886975896e+22,
    1.7899173886975896e+22,
    1.7899173886975896e+22,
    1.7899173886975896e+22,
    1.7899173886975896e+22,
    1.7899173886975896e+22,
    1.7899173886975896e+22,
    1.7899173886975896e+22,
    1.7899173886975896e+22,
    1.7899173886975896e+22,
    0.0,
    1.7899173886975896e+22,
    1.7899173886975896e+22,
    1.7899173886975896e+22,
    1.7899173886975896e+22,
    1.7899173886975896e+22,
    1.7899173886975896e+22,
    1.7899173886975896e+22,
    1.7899173886975896e+22,
    1.7899173886975896e+22,
