{
  "LB": 2718.0,
  "UB": 1.005746612020421e+24,
  "gap_pct": 3.700318660855118e+22,
  "x_LB": [
    [
      0,
      28
    ],
    [
      1,
      0
    ],
    [
      2,
      11
    ],
    [
      3,
      20
    ],
    [
      4,
      13
    ],
    [
      5,
      1
    ],
    [
      6,
      23
    ],
    [
      7,
      14
    ],
    [
      8,
      27
    ],
    [
      9,
      17
    ],
    [
      10,
      29
    ],
    [
      11,
      8
    ],
    [
      12,
      2
    ],
    [
      13,
      3
    ],
    [
      14,
      4
    ],
    [
      15,
      15
    ],
    [
      16,
      19
    ],
    [
      17,
      7
    ],
    [
      18,
      26
    ],
    [
      19,
      18
    ],
    [
      20,
      24
    ],
    [
      21,
      21
    ],
    [
      22,
      10
    ],
    [
      23,
      9
    ],
    [
      24,
      12
    ],
    [
      25,
      5
    ],
    [
      26,
      6
    ],
    [
      27,
      25
    ],
    [
      28,
      16
    ],
    [
      29,
      22
    ]
  ],
  "x_star_final": [
    [
      0,
      28
    ],
    [
      1,
      0
    ],
    [
      2,
      11
    ],
    [
      3,
      20
    ],
    [
      4,
      13
    ],
    [
      5,
      1
    ],
    [
      6,
      23
    ],
    [
      7,
      14
    ],
    [
      8,
      27
    ],
    [
      9,
      17
    ],
    [
      10,
      29
    ],
    [
      11,
      8
    ],
    [
      12,
      2
    ],
    [
      13,
      3
    ],
    [
      14,
      4
    ],
    [
      15,
      15
    ],
    [
      16,
      19
    ],
    [
      17,
      7
    ],
    [
      18,
      26
    ],
    [
      19,
      18
    ],
    [
      20,
      24
    ],
    [
      21,
      21
    ],
    [
      22,
      16
    ],
    [
      23,
      9
    ],
    [
      24,
      12
    ],
    [
      25,
      10
    ],
    [
      26,
      6
    ],
    [
      27,
      25
    ],
    [
      28,
      5
    ],
    [
      29,
      22
    ]
  ],
  "iterations": 100,
  "lambdas_final": [
    3.276467129989065e+21,
    3.276467129989065e+21,
    3.276467129989065e+21,
    3.276467129989065e+21,
    3.276467129989065e+21,
    3.276467129989065e+21,
    3.276467129989065e+21,
    3.276467129989065e+21,
    3.276467129989065e+21,
    3.276467129989065e+21,
    0.0,
    3.276467129989065e+21,
    3.276467129989065e+21,
    3.276467129989065e+21,
    3.276467129989065e+21,
    3.276467129989065e+21,
    3.276467129989065e+21,
    3.276467129989065e+21,
    3.276467129989065e+21,
    3.276467129989065e+21,
    3.276467129989065e+21,
    3.276467129989065e+21,
    0.0,
    3.276467129989065e+21,
    3.276467129989065e+21,
    3.276467129989065e+21,
    3.276467129989065e+21,
    3.276467129989065e+21,
    3.276467129989065e+21,
    3.276467129989065e+21,
    3.276467129989065e+21,
    3.276467129989065e+21,
    3.276467129989065e+21,
    3.276467129989065e+21,
    3.276467129989065e+21,
    3.276467129989065e+21,
    3.276467129989065e+21,
    0.0,
    3.276467129989065e+21,
    3.276467129989065e+21,
    3.276467129989065e+21,
    3.276467129989065e+21,
    3.276467129989065e+21,
    3.276467129989065e+21,
    3.276467129989065e+21,
    3.276467129989065e+21,
    3.276467129989065e+21,
    3.276467129989065e+21,
    3.276467129989065e+21,
    3.276467129989065e+21,
    3.276467129989065e+21,
    3.276467129989065e+21,
    3.276467129989065e+21,
    3.276467129989065e+21,
    3.276467129989065e+21,
    3.276467129989065e+21,
    3.276467129989065e+21,
    3.276467129989065e+21,
    3.276467129989065e+21,
    3.276467129989065e+21,
    3.276467129989065e+21,
    3.276467129989065e+21,
    3.276467129989065e+21,
    3.276467129989065e+21,
    3.276467129989065e+21,
    3.276467129989065e+21,
    3.276467129989065e+21,
    3.276467129989065e+21,
    3.276467129989065e+21,
    3.276467129989065e+21,
    3.276467129989065e+21,
    0.0,
    3.276467129989065e+21,
    3.276467129989065e+21,
    3.276467129989065e+21,
    3.276467129989065e+21,
    3.276467129989065e+21,
    3.276467129989065e+21,
    0.0,
    3.276467129989065e+21,
    3.276467129989065e+21,
    3.276467129989065e+21,
    3.276467129989065e+21,
    3.276467129989065e+21,
    3.276467129989065e+21,
    3.276467129989065e+21,
    3.276467129989065e+21,
    3.276467129989065e+21,
    3.276467129989065e+21,
    3.276467129989065e+21,
    3.276467129989065e+21,
    0.0,
    3.276467129989065e+21,
    3.276467129989065e+21,
    0.0,
    3.276467129989065e+21,
    3.276467129989065e+21,
    3.276467129989065e+21,
    3.276467129989065e+21,
    3.276467129989065e+21,
    3.276467129989065e+21,
    3.276467129989065e+21,
    3.276467129989065e+21,
    3.276467129989065e+21,
    3.276467129989065e+21,
    3.276467129989065e+21,
    3.276467129989065e+21,
    3.276467129989065e+21,
    3.276467129989065e+21,
    3.276467129989065e+21,
    3.276467129989065e+21,
    3.276467129989065e+21,
    3.276467129989065e+21,
    3.276467129989065e+21,
    0.0,
    0.0,
    3.276467129989065e+21,
    3.276467129989065e+21,
    3.276467129989065e+21,
    3.276467129989065e+21,
    3.276467129989065e+21,
    3.276467129989065e+21,
    3.276467129989065e+21,
    3.276467129989065e+21,
    3.276467129989065e+21,
    3.276467129989065e+21,
    0.0,
    3.276467129989065e+21,
    3.276467129989065e+21,
    3.276467129989065e+21,
    3.276467129989065e+21,
    3.276467129989065e+21,
    3.276467129989065e+21,
    3.276467129989065e+21,
    3.276467129989065e+21,
    3.276467129989065e+21,
    3.276467129989065e+21,
    3.276467129989065e+21,
    3.276467129989065e+21,
    3.276467129989065e+21,
    3.276467129989065e+21,
    3.276467129989065e+21,
    3.276467129989065e+21,
    3.276467129989065e+21,
    3.276467129989065e+21,
    3.276467129989065e+21,
    3.276467129989065e+21,
    3.276467129989065e+21,
    3.276467129989065e+21,
    3.276467129989065e+21,
    3.276467129989065e+21,
    3.276467129989065e+21,
    3.276467129989065e+21,
    3.276467129989065e+21,
    3.276467129989065e+21,
    3.276467129989065e+21,
    3.276467129989065e+21,
    3.276467129989065e+21,
    3.276467129989065e+21,
    3.276467129989065e+21,
    3.276467129989065e+21,
    0.0,
    3.276467129989065e+21,
    3.276467129989065e+21,
    3.276467129989065e+21,
    3.276467129989065e+21,
    3.276467129989065e+21,
    3.276467129989065e+21,
    3.276467129989065e+21,
    3.276467129989065e+21,
    3.276467129989065e+21,
    3.276467129989065e+21,
    3.276467129989065e+21,
    3.276467129989065e+21,
    3.276467129989065e+21,
    3.276467129989065e+21,
    3.276467129989065e+21,
    3.276467129989065e+21,
    3.276467129989065e+21,
    3.276467129989065e+21,
    3.276467129989065e+21,
    3.276467129989065e+21,
    3.276467129989065e+21,
    3.276467129989065e+21,
    3.276467129989065e+21,
    3.276467129989065e+21,
    3.276467129989065e+21,
    3.276467129989065e+21,
    3.276467129989065e+21,
    3.276467129989065e+21,
    3.276467129989065e+21,
    3.276467129989065e+21,
    0.0,
    3.276467129989065e+21,
    0.0,
    3.276467129989065e+21,
    3.276467129989065e+21,
    3.276467129989065e+21,
    3.276467129989065e+21,
    3.276467129989065e+21,
    3.276467129989065e+21,
    0.0,
    3.276467129989065e+21,
    3.276467129989065e+21,
    3.276467129989065e+21,
    0.0,
    3.276467129989065e+21,
    0.0,
    3.276467129989065e+21,
    3.276467129989065e+21,
    3.276467129989065e+21,
    0.0,
    3.276467129989065e+21,
    3.276467129989065e+21,
    3.276467129989065e+21,
    3.276467129989065e+21,
    0.0,
    3.276467129989065e+21,
    3.276467129989065e+21,
    3.276467129989065e+21,
    3.276467129989065e+21,
    3.276467129989065e+21,
    3.276467129989065e+21,
    3.276467129989065e+21,
    3.276467129989065e+21,
    3.276467129989065e+21,
    3.276467129989065e+21,
    3.276467129989065e+21,
    3.276467129989065e+21,
    3.276467129989065e+21,
    3.276467129989065e+21,
    3.276467129989065e+21,
    0.0,
