{
  "LB": 795.0,
  "UB": 807.2321595602639,
  "gap_pct": 1.538636422674702,
  "x_LB": [
    [
      0,
      9
    ],
    [
      1,
      7
    ],
    [
      2,
      2
    ],
    [
      3,
      1
    ],
    [
      4,
      4
    ],
    [
      5,
      5
    ],
    [
      6,
      0
    ],
    [
      7,
      8
    ],
    [
      8,
      6
    ],
    [
      9,
      3
    ]
  ],
  "x_star_final": [
    [
      0,
      0
    ],
    [
      1,
      7
    ],
    [
      2,
      3
    ],
    [
      3,
      1
    ],
    [
      4,
      2
    ],
    [
      5,
      5
    ],
    [
      6,
      4
    ],
    [
      7,
      8
    ],
    [
      8,
      9
    ],
    [
      9,
      6
    ]
  ],
  "iterations": 500,
  "lambdas_final": [
    0.0,
    0.0,
    0.0,
    0.0,
    0.0,
    0.0,
    0.0,
    0.0,
    0.0,
    0.0,
    0.0,
    0.0,
    0.0,
    0.0,
    0.0,
    0.0,
    0.0,
    0.0,
    0.0,
    0.0,
    0.0,
    0.0,
    0.0,
    0.0,
    0.0,
    0.0,
    0.0,
    0.0,
    0.0,
    0.0,
    0.0,
    0.0,
    0.0,
    0.0,
    12.232159551477444,
    0.0,
    0.0,
    0.0,
    0.0,
    0.0,
    0.0,
    0.0,
    0.0,
    0.0,
    0.0,
    0.0,
    0.0,
    0.0,
    0.0,
    0.0,
    0.0,
    0.0,
    0.0,
    0.0,
    0.0,
    0.0,
    0.0,
    0.0,
    0.0,
    0.0,
    0.0,
    0.0,
    0.0,
    0.0,
    0.0,
    0.0,
    0.0,
    0.0,
    0.0,
    0.0,
    0.0,
    6.76784046118005,
    0.0,
    0.0,
    0.0,
    0.0,
    0.0,
    0.0,
    0.0,
    0.0
  ],
  "runtime_seconds": 0.02731919288635254,
  "terminated_reason": "iteration_limit"
}