{
  "LB": 0.0,
  "UB": 2.601386644392951e+24,
  "gap_pct": 2.6013866443929512e+36,
  "x_LB": [
    [
      0,
      8
    ],
    [
      1,
      3
    ],
    [
      2,
      1
    ],
    [
      3,
      4
    ],
    [
      4,
      7
    ],
    [
      5,
      0
    ],
    [
      6,
      9
    ],
    [
      7,
      6
    ],
    [
      8,
      2
    ],
    [
      9,
      5
    ]
  ],
  "x_star_final": [
    [
      0,
      6
    ],
    [
      1,
      1
    ],
    [
      2,
      5
    ],
    [
      3,
      8
    ],
    [
      4,
      2
    ],
    [
      5,
      4
    ],
    [
      6,
      7
    ],
    [
      7,
      9
    ],
    [
      8,
      0
    ],
    [
      9,
      3
    ]
  ],
  "iterations": 100,
  "lambdas_final": [
    1.6950809371547108e+22,
    1.6950809371547108e+22,
    0.0,
    1.6950809371547108e+22,
    1.6950809371547108e+22,
    1.6950809371547108e+22,
    1.6950809371547108e+22,
    1.6950809371547108e+22,
    1.6950809371547108e+22,
    1.6950809371547108e+22,
    1.6950809371547108e+22,
    1.6950809371547108e+22,
    1.6950809371547108e+22,
    1.6950809371547108e+22,
    1.6950809371547108e+22,
    0.0,
    0.0,
    0.0,
    0.0,
    0.0,
    1.6950809371547108e+22,
    1.6950809371547108e+22,
    1.6950809371547108e+22,
    1.6950809371547108e+22,
    1.6950809371547108e+22,
    1.6950809371547108e+22,
    1.6950809371547108e+22,
    1.6950809371547108e+22,
    0.0,
    1.6950809371547108e+22,
    0.0,
    1.6950809371547108e+22,
    0.0,
    1.6950809371547108e+22,
    0.0,
    1.6950809371547108e+22,
    0.0,
    1.6950809371547108e+22,
    1.6950809371547108e+22,
    1.6950809371547108e+22,
    1.6950809371547108e+22,
    1.6950809371547108e+22,
    0.0,
    1.6950809371547108e+22,
    1.6950809371547108e+22,
    1.6950809371547108e+22,
    1.6950809371547108e+22,
    1.6950809371547108e+22,
    1.6950809371547108e+22,
    1.6950809371547108e+22,
    0.0,
    1.6950809371547108e+22,
    1.6950809371547108e+22,
    1.6950809371547108e+22,
    1.6950809371547108e+22,
    0.0,
    1.6950809371547108e+22,
    0.0,
    1.6950809371547108e+22,
    0.0,
    1.6950809371547108e+22,
    1.6950809371547108e+22,
    1.6950809371547108e+22,
    1.6950809371547108e+22,
    1.6950809371547108e+22,
    1.6950809371547108e+22,
    0.0,
    1.6950809371547108e+22,
    1.6950809371547108e+22,
    1.6950809371547108e+22,
    1.6950809371547108e+22,
    1.6950809371547108e+22,
    1.6950809371547108e+22,
    1.6950809371547108e+22,
    0.0,
    1.6950809371547108e+22,
    1.6950809371547108e+22,
    1.6950809371547108e+22,
    1.6950809371547108e+22,
    1.6950809371547108e+22,
    1.6950809371547108e+22,
    1.6950809371547108e+22,
    1.6950809371547108e+22,
    0.0,
    1.6950809371547108e+22,
    1.6950809371547108e+22,
    1.6950809371547108e+22,
    1.6950809371547108e+22,
    1.6950809371547108e+22,
    1.6950809371547108e+22,
    1.6950809371547108e+22,
    1.6950809371547108e+22,
    1.6950809371547108e+22,
    0.0,
    1.6950809371547108e+22,
    1.6950809371547108e+22,
    1.6950809371547108e+22,
    1.6950809371547108e+22,
    1.6950809371547108e+22,
    1.6950809371547108e+22,
    1.6950809371547108e+22,
    1.6950809371547108e+22,
    1.6950809371547108e+22,
    1.6950809371547108e+22,
    1.6950809371547108e+22,
    1.6950809371547108e+22,
    1.6950809371547108e+22,
    1.6950809371547108e+22,
    1.6950809371547108e+22,
    1.6950809371547108e+22,
    1.6950809371547108e+22,
    1.6950809371547108e+22,
    1.6950809371547108e+22,
    0.0,
    0.0,
    1.6950809371547108e+22,
    1.6950809371547108e+22,
    1.6950809371547108e+22,
    1.6950809371547108e+22,
    1.6950809371547108e+22,
    0.0,
    1.6950809371547108e+22,
    1.6950809371547108e+22,
    1.6950809371547108e+22,
    1.6950809371547108e+22,
    1.6950809371547108e+22,
    1.6950809371547108e+22,
    1.6950809371547108e+22,
    1.6950809371547108e+22,
    1.6950809371547108e+22,
    0.0,
    1.6950809371547108e+22,
    0.0,
    1.6950809371547108e+22,
    1.6950809371547108e+22,
    1.6950809371547108e+22,
    1.6950809371547108e+22,
    1.6950809371547108e+22,
    1.6950809371547108e+22,
    1.6950809371547108e+22,
    1.6950809371547108e+22,
    0.0,
    1.6950809371547108e+22,
    1.6950809371547108e+22,
    0.0,
    1.6950809371547108e+22,
    1.6950809371547108e+22,
    1.6950809371547108e+22,
    0.0,
    1.6950809371547108e+22,
    1.6950809371547108e+22,
    0.0,
    1.6950809371547108e+22,
    1.6950809371547108e+22,
    1.6950809371547108e+22,
    1.6950809371547108e+22,
    1.6950809371547108e+22,
    1.6950809371547108e+22,
    1.6950809371547108e+22,
    1.6950809371547108e+22,
    0.0,
    1.6950809371547108e+22,
    1.6950809371547108e+22,
    1.6950809371547108e+22,
    1.6950809371547108e+22,
    0.0,
    1.6950809371547108e+22,
    1.6950809371547108e+22,
    1.6950809371547108e+22,
    1.6950809371547108e+22,
    1.6950809371547108e+22,
    1.6950809371547108e+22,
    1.6950809371547108e+22,
    1.6950809371547108e+22,
    0.0,
    1.6950809371547108e+22,
    1.6950809371547108e+22,
    0.0,
    1.6950809371547108e+22,
    1.6950809371547108e+22,
    1.6950809371547108e+22,
    0.0,
    1.6950809371547108e+22,
    1.6950809371547108e+22,
    1.6950809371547108e+22,
    1.6950809371547108e+22,
    1.6950809371547108e+22,
    1.6950809371547108e+22,
    1.6950809371547108e+22,
    0.0,
    0.0,
    1.6950809371547108e+22,
    1.6950809371547108e+22,
    1.6950809371547108e+22,
    0.0,
    1.6950809371547108e+22,
    1.6950809371547108e+22,
    1.6950809371547108e+22,
    1.6950809371547108e+22,
    1.6950809371547108e+22
  ],
  "runtime_seconds": 0.014080286026000977,
  "terminated_reason": "iteration_limit"
}