{
  "LB": 0.0,
  "UB": 1.0467946839476884e+24,
  "gap_pct": 1.0467946839476884e+36,
  "x_LB": [
    [
      0,
      9
    ],
    [
      1,
      8
    ],
    [
      2,
      3
    ],
    [
      3,
      2
    ],
    [
      4,
      0
    ],
    [
      5,
      6
    ],
    [
      6,
      1
    ],
    [
      7,
      4
    ],
    [
      8,
      5
    ],
    [
      9,
      7
    ]
  ],
  "x_star_final": [
    [
      0,
      0
    ],
    [
      1,
      9
    ],
    [
      2,
      7
    ],
    [
      3,
      5
    ],
    [
      4,
      8
    ],
    [
      5,
      2
    ],
    [
      6,
      6
    ],
    [
      7,
      1
    ],
    [
      8,
      3
    ],
    [
      9,
      4
    ]
  ],
  "iterations": 100,
  "lambdas_final": [
    0.0,
    7.162418263402151e+21,
    7.162418263402151e+21,
    7.162418263402151e+21,
    7.162418263402151e+21,
    7.162418263402151e+21,
    7.162418263402151e+21,
    7.162418263402151e+21,
    7.162418263402151e+21,
    0.0,
    7.162418263402151e+21,
    7.162418263402151e+21,
    7.162418263402151e+21,
    0.0,
    7.162418263402151e+21,
    7.162418263402151e+21,
    7.162418263402151e+21,
    0.0,
    0.0,
    7.162418263402151e+21,
    7.162418263402151e+21,
    7.162418263402151e+21,
    7.162418263402151e+21,
    7.162418263402151e+21,
    7.162418263402151e+21,
    0.0,
    7.162418263402151e+21,
    0.0,
    7.162418263402151e+21,
    0.0,
    0.0,
    7.162418263402151e+21,
    7.162418263402151e+21,
    0.0,
    0.0,
    7.162418263402151e+21,
    0.0,
    7.162418263402151e+21,
    7.162418263402151e+21,
    7.162418263402151e+21,
    7.162418263402151e+21,
    7.162418263402151e+21,
    7.162418263402151e+21,
    7.162418263402151e+21,
    0.0,
    7.162418263402151e+21,
    7.162418263402151e+21,
    7.162418263402151e+21,
    0.0,
    7.162418263402151e+21,
    7.162418263402151e+21,
    7.162418263402151e+21,
    7.162418263402151e+21,
    7.162418263402151e+21,
    7.162418263402151e+21,
    7.162418263402151e+21,
    7.162418263402151e+21,
    0.0,
    0.0,
    7.162418263402151e+21,
    7.162418263402151e+21,
    7.162418263402151e+21,
    0.0,
    7.162418263402151e+21,
    7.162418263402151e+21,
    7.162418263402151e+21,
    7.162418263402151e+21,
    0.0,
    7.162418263402151e+21,
    7.162418263402151e+21,
    7.162418263402151e+21,
    0.0,
    7.162418263402151e+21,
    7.162418263402151e+21,
    0.0,
    0.0,
    0.0,
    7.162418263402151e+21,
    7.162418263402151e+21,
    7.162418263402151e+21,
    7.162418263402151e+21,
    7.162418263402151e+21,
    7.162418263402151e+21,
    7.162418263402151e+21,
    7.162418263402151e+21,
    0.0,
    0.0,
    7.162418263402151e+21,
    7.162418263402151e+21,
    7.162418263402151e+21,
    0.0,
    0.0,
    7.162418263402151e+21,
    7.162418263402151e+21,
    7.162418263402151e+21,
    7.162418263402151e+21,
    7.162418263402151e+21,
    0.0,
    7.162418263402151e+21,
    0.0,
    0.0,
    7.162418263402151e+21,
    7.162418263402151e+21,
    7.162418263402151e+21,
    7.162418263402151e+21,
    7.162418263402151e+21,
    7.162418263402151e+21,
    0.0,
    7.162418263402151e+21,
    7.162418263402151e+21,
    7.162418263402151e+21,
    7.162418263402151e+21,
    7.162418263402151e+21,
    7.162418263402151e+21,
    7.162418263402151e+21,
    7.162418263402151e+21,
    7.162418263402151e+21,
    7.162418263402151e+21,
    7.162418263402151e+21,
    7.162418263402151e+21,
    7.162418263402151e+21,
    7.162418263402151e+21,
    0.0,
    7.162418263402151e+21,
    7.162418263402151e+21,
    7.162418263402151e+21,
    7.162418263402151e+21,
    7.162418263402151e+21,
    7.162418263402151e+21,
    7.162418263402151e+21,
    7.162418263402151e+21,
    7.162418263402151e+21,
    7.162418263402151e+21,
    0.0,
    0.0,
    7.162418263402151e+21,
    0.0,
    7.162418263402151e+21,
    7.162418263402151e+21,
    0.0,
    0.0,
    7.162418263402151e+21,
    7.162418263402151e+21,
    7.162418263402151e+21,
    7.162418263402151e+21,
    7.162418263402151e+21,
    7.162418263402151e+21,
    7.162418263402151e+21,
    7.162418263402151e+21,
    7.162418263402151e+21,
    0.0,
    7.162418263402151e+21,
    7.162418263402151e+21,
    7.162418263402151e+21,
    0.0,
    7.162418263402151e+21,
    7.162418263402151e+21,
    0.0,
    0.0,
    7.162418263402151e+21,
    7.162418263402151e+21,
    7.162418263402151e+21,
    0.0,
    7.162418263402151e+21,
    7.162418263402151e+21,
    7.162418263402151e+21,
    7.162418263402151e+21,
    7.162418263402151e+21,
    7.162418263402151e+21,
    0.0,
    7.162418263402151e+21,
    7.162418263402151e+21,
    0.0,
    7.162418263402151e+21,
    7.162418263402151e+21,
    7.162418263402151e+21,
    7.162418263402151e+21,
    0.0,
    7.162418263402151e+21,
    7.162418263402151e+21,
    7.162418263402151e+21,
    0.0,
    7.162418263402151e+21,
    7.162418263402151e+21,
    7.162418263402151e+21,
    7.162418263402151e+21,
    7.162418263402151e+21,
    7.162418263402151e+21,
    7.162418263402151e+21,
    7.162418263402151e+21,
    7.162418263402151e+21,
    7.162418263402151e+21,
    7.162418263402151e+21,
    7.162418263402151e+21,
    7.162418263402151e+21,
    7.162418263402151e+21,
    7.162418263402151e+21,
    7.162418263402151e+21,
    7.162418263402151e+21,
    7.162418263402151e+21
  ],
  "runtime_seconds": 0.01537179946899414,
  "terminated_reason": "iteration_limit"
}