{
  "LB": 0.0,
  "UB": 6.022479712259386e+24,
  "gap_pct": 6.022479712259386e+36,
  "x_LB": [
    [
      0,
      4
    ],
    [
      1,
      12
    ],
    [
      2,
      6
    ],
    [
      3,
      16
    ],
    [
      4,
      17
    ],
    [
      5,
      3
    ],
    [
      6,
      13
    ],
    [
      7,
      14
    ],
    [
      8,
      11
    ],
    [
      9,
      5
    ],
    [
      10,
      7
    ],
    [
      11,
      9
    ],
    [
      12,
      10
    ],
    [
      13,
      19
    ],
    [
      14,
      0
    ],
    [
      15,
      1
    ],
    [
      16,
      8
    ],
    [
      17,
      15
    ],
    [
      18,
      2
    ],
    [
      19,
      18
    ]
  ],
  "x_star_final": [
    [
      0,
      19
    ],
    [
      1,
      18
    ],
    [
      2,
      13
    ],
    [
      3,
      9
    ],
    [
      4,
      6
    ],
    [
      5,
      4
    ],
    [
      6,
      7
    ],
    [
      7,
      11
    ],
    [
      8,
      2
    ],
    [
      9,
      8
    ],
    [
      10,
      15
    ],
    [
      11,
      3
    ],
    [
      12,
      1
    ],
    [
      13,
      14
    ],
    [
      14,
      10
    ],
    [
      15,
      16
    ],
    [
      16,
      12
    ],
    [
      17,
      0
    ],
    [
      18,
      5
    ],
    [
      19,
      17
    ]
  ],
  "iterations": 100,
  "lambdas_final": [
    1.9868693645260866e+22,
    1.9868693645260866e+22,
    1.9868693645260866e+22,
    1.9868693645260866e+22,
    1.9868693645260866e+22,
    1.9868693645260866e+22,
    0.0,
    1.9868693645260866e+22,
    1.9868693645260866e+22,
    1.9868693645260866e+22,
    1.9868693645260866e+22,
    1.9868693645260866e+22,
    1.9868693645260866e+22,
    1.9868693645260866e+22,
    1.9868693645260866e+22,
    1.9868693645260866e+22,
    1.9868693645260866e+22,
    1.9868693645260866e+22,
    1.9868693645260866e+22,
    1.9868693645260866e+22,
    1.9868693645260866e+22,
    1.9868693645260866e+22,
    1.9868693645260866e+22,
    1.9868693645260866e+22,
    1.9868693645260866e+22,
    1.9868693645260866e+22,
    1.9868693645260866e+22,
    1.9868693645260866e+22,
    1.9868693645260866e+22,
    1.9868693645260866e+22,
    1.9868693645260866e+22,
    1.9868693645260866e+22,
    0.0,
    1.9868693645260866e+22,
    1.9868693645260866e+22,
    1.9868693645260866e+22,
    1.9868693645260866e+22,
    1.9868693645260866e+22,
    1.9868693645260866e+22,
    0.0,
    1.9868693645260866e+22,
    1.9868693645260866e+22,
    1.9868693645260866e+22,
    1.9868693645260866e+22,
    1.9868693645260866e+22,
    1.9868693645260866e+22,
    1.9868693645260866e+22,
    1.9868693645260866e+22,
    1.9868693645260866e+22,
    1.9868693645260866e+22,
    1.9868693645260866e+22,
    1.9868693645260866e+22,
    1.9868693645260866e+22,
    1.9868693645260866e+22,
    1.9868693645260866e+22,
    0.0,
    1.9868693645260866e+22,
    1.9868693645260866e+22,
    1.9868693645260866e+22,
    1.9868693645260866e+22,
    1.9868693645260866e+22,
    1.9868693645260866e+22,
    1.9868693645260866e+22,
    1.9868693645260866e+22,
    1.9868693645260866e+22,
    1.9868693645260866e+22,
    1.9868693645260866e+22,
    1.9868693645260866e+22,
    1.9868693645260866e+22,
    1.9868693645260866e+22,
    1.9868693645260866e+22,
    1.9868693645260866e+22,
    1.9868693645260866e+22,
    1.9868693645260866e+22,
    1.9868693645260866e+22,
    1.9868693645260866e+22,
    1.9868693645260866e+22,
    0.0,
    1.9868693645260866e+22,
    0.0,
    1.9868693645260866e+22,
    1.9868693645260866e+22,
    1.9868693645260866e+22,
    1.9868693645260866e+22,
    1.9868693645260866e+22,
    0.0,
    1.9868693645260866e+22,
    1.9868693645260866e+22,
    1.9868693645260866e+22,
    1.9868693645260866e+22,
    0.0,
    1.9868693645260866e+22,
    1.9868693645260866e+22,
    1.9868693645260866e+22,
    1.9868693645260866e+22,
    1.9868693645260866e+22,
    1.9868693645260866e+22,
    1.9868693645260866e+22,
    1.9868693645260866e+22,
    1.9868693645260866e+22,
    1.9868693645260866e+22,
    1.9868693645260866e+22,
    0.0,
    1.9868693645260866e+22,
    1.9868693645260866e+22,
    1.9868693645260866e+22,
    1.9868693645260866e+22,
    1.9868693645260866e+22,
    1.9868693645260866e+22,
    1.9868693645260866e+22,
    1.9868693645260866e+22,
    1.9868693645260866e+22,
    1.9868693645260866e+22,
    1.9868693645260866e+22,
    0.0,
    1.9868693645260866e+22,
    1.9868693645260866e+22,
    1.9868693645260866e+22,
    1.9868693645260866e+22,
    1.9868693645260866e+22,
    0.0,
    1.9868693645260866e+22,
    0.0,
    1.9868693645260866e+22,
    1.9868693645260866e+22,
    1.9868693645260866e+22,
    1.9868693645260866e+22,
    1.9868693645260866e+22,
    1.9868693645260866e+22,
    1.9868693645260866e+22,
    1.9868693645260866e+22,
    1.9868693645260866e+22,
    1.9868693645260866e+22,
    1.9868693645260866e+22,
    1.9868693645260866e+22,
    0.0,
    1.9868693645260866e+22,
    0.0,
    1.9868693645260866e+22,
    1.9868693645260866e+22,
    1.9868693645260866e+22,
    1.9868693645260866e+22,
    1.9868693645260866e+22,
    1.9868693645260866e+22,
    1.9868693645260866e+22,
    1.9868693645260866e+22,
    1.9868693645260866e+22,
    1.9868693645260866e+22,
    1.9868693645260866e+22,
    1.9868693645260866e+22,
    1.9868693645260866e+22,
    1.9868693645260866e+22,
    1.9868693645260866e+22,
    1.9868693645260866e+22,
    1.9868693645260866e+22,
    1.9868693645260866e+22,
    0.0,
    1.9868693645260866e+22,
    1.9868693645260866e+22,
    0.0,
    1.9868693645260866e+22,
    1.9868693645260866e+22,
    1.9868693645260866e+22,
    1.9868693645260866e+22,
    1.9868693645260866e+22,
    1.9868693645260866e+22,
    1.9868693645260866e+22,
    1.9868693645260866e+22,
    1.9868693645260866e+22,
    1.9868693645260866e+22,
    1.9868693645260866e+22,
    1.9868693645260866e+22,
    1.9868693645260866e+22,
    1.9868693645260866e+22,
    1.9868693645260866e+22,
    0.0,
    1.9868693645260866e+22,
    1.9868693645260866e+22,
    1.9868693645260866e+22,
    0.0,
    1.9868693645260866e+22,
    1.9868693645260866e+22,
    0.0,
    1.9868693645260866e+22,
    1.9868693645260866e+22,
    1.9868693645260866e+22,
    1.9868693645260866e+22,
    1.9868693645260866e+22,
    1.9868693645260866e+22,
    1.9868693645260866e+22,
    1.9868693645260866e+22,
    0.0,
    1.9868693645260866e+22,
    1.9868693645260866e+22,
    1.9868693645260866e+22,
    1.9868693645260866e+22,
    1.9868693645260866e+22,
    1.9868693645260866e+22,
    1.9868693645260866e+22,
    1.9868693645260866e+22,
    1.9868693645260866e+22,
    1.9868693645260866e+22,
    1.9868693645260866e+22,
    1.9868693645260866e+22,
    1.9868693645260866e+22,
    1.9868693645260866e+22,
    1.9868693645260866e+22,
    1.9868693645260866e+22,
    1.9868693645260866e+22,
    1.9868693645260866e+22,
    1.9868693645260866e+22,
    1.9868693645260866e+22,
    1.9868693645260866e+22,
    1.9868693645260866e+22,
    1.9868693645260866e+22,
    1.9868693645260866e+22,
    1.9868693645260866e+22,
    1.9868693645260866e+22,
    1.9868693645260866e+22,
    1.9868693645260866e+22,
    1.9868693645260866e+22,
    1.9868693645260866e+22,
    0.0,
    1.9868693645260866e+22,
    1.9868693645260866e+22,
    1.9868693645260866e+22,
    1.9868693645260866e+22,
    1.9868693645260866e+22,
    0.0,
    1.9868693645260866e+22,
    1.9868693645260866e+22,
    1.9868693645260866e+22,
    1.9868693645260866e+22,
    1.9868693645260866e+22,
    1.9868693645260866e+22,
    1.9868693645260866e+22,
    0.0,
    1.9868693645260866e+22,
    1.9868693645260866e+22,
    1.9868693645260866e+22,
    1.9868693645260866e+22,
    0.0,
    1.9868693645260866e+22,
    1.9868693645260866e+22,
    1.9868693645260866e+22,
    1.9868693645260866e+22,
    1.9868693645260866e+22,
    1.9868693645260866e+22,
    1.9868693645260866e+22,
    1.9868693645260866e+22,
    1.9868693645260866e+22,
