{
  "LB": 0.0,
  "UB": 9.5248698916892e+24,
  "gap_pct": 9.5248698916892e+36,
  "x_LB": [
    [
      0,
      16
    ],
    [
      1,
      19
    ],
    [
      2,
      17
    ],
    [
      3,
      27
    ],
    [
      4,
      5
    ],
    [
      5,
      14
    ],
    [
      6,
      13
    ],
    [
      7,
      22
    ],
    [
      8,
      9
    ],
    [
      9,
      23
    ],
    [
      10,
      6
    ],
    [
      11,
      3
    ],
    [
      12,
      12
    ],
    [
      13,
      7
    ],
    [
      14,
      20
    ],
    [
      15,
      21
    ],
    [
      16,
      10
    ],
    [
      17,
      11
    ],
    [
      18,
      29
    ],
    [
      19,
      28
    ],
    [
      20,
      4
    ],
    [
      21,
      0
    ],
    [
      22,
      1
    ],
    [
      23,
      8
    ],
    [
      24,
      24
    ],
    [
      25,
      15
    ],
    [
      26,
      2
    ],
    [
      27,
      26
    ],
    [
      28,
      18
    ],
    [
      29,
      25
    ]
  ],
  "x_star_final": [
    [
      0,
      2
    ],
    [
      1,
      3
    ],
    [
      2,
      9
    ],
    [
      3,
      25
    ],
    [
      4,
      6
    ],
    [
      5,
      27
    ],
    [
      6,
      29
    ],
    [
      7,
      13
    ],
    [
      8,
      1
    ],
    [
      9,
      20
    ],
    [
      10,
      16
    ],
    [
      11,
      7
    ],
    [
      12,
      10
    ],
    [
      13,
      8
    ],
    [
      14,
      21
    ],
    [
      15,
      22
    ],
    [
      16,
      23
    ],
    [
      17,
      5
    ],
    [
      18,
      0
    ],
    [
      19,
      24
    ],
    [
      20,
      18
    ],
    [
      21,
      26
    ],
    [
      22,
      28
    ],
    [
      23,
      12
    ],
    [
      24,
      17
    ],
    [
      25,
      11
    ],
    [
      26,
      14
    ],
    [
      27,
      19
    ],
    [
      28,
      15
    ],
    [
      29,
      4
    ]
  ],
  "iterations": 100,
  "lambdas_final": [
    2.8827587049368117e+22,
    2.8827587049368117e+22,
    2.8827587049368117e+22,
    2.8827587049368117e+22,
    2.8827587049368117e+22,
    2.8827587049368117e+22,
    0.0,
    2.8827587049368117e+22,
    2.8827587049368117e+22,
    2.8827587049368117e+22,
    2.8827587049368117e+22,
    2.8827587049368117e+22,
    2.8827587049368117e+22,
    2.8827587049368117e+22,
    2.8827587049368117e+22,
    2.8827587049368117e+22,
    2.8827587049368117e+22,
    0.0,
    2.8827587049368117e+22,
    2.8827587049368117e+22,
    2.8827587049368117e+22,
    2.8827587049368117e+22,
    2.8827587049368117e+22,
    2.8827587049368117e+22,
    2.8827587049368117e+22,
    2.8827587049368117e+22,
    2.8827587049368117e+22,
    2.8827587049368117e+22,
    2.8827587049368117e+22,
    2.8827587049368117e+22,
    2.8827587049368117e+22,
    2.8827587049368117e+22,
    2.8827587049368117e+22,
    2.8827587049368117e+22,
    2.8827587049368117e+22,
    2.8827587049368117e+22,
    2.8827587049368117e+22,
    2.8827587049368117e+22,
    2.8827587049368117e+22,
    2.8827587049368117e+22,
    2.8827587049368117e+22,
    2.8827587049368117e+22,
    2.8827587049368117e+22,
    2.8827587049368117e+22,
    2.8827587049368117e+22,
    2.8827587049368117e+22,
    2.8827587049368117e+22,
    2.8827587049368117e+22,
    2.8827587049368117e+22,
    2.8827587049368117e+22,
    2.8827587049368117e+22,
    0.0,
    2.8827587049368117e+22,
    0.0,
    2.8827587049368117e+22,
    2.8827587049368117e+22,
    2.8827587049368117e+22,
    2.8827587049368117e+22,
    2.8827587049368117e+22,
    2.8827587049368117e+22,
    2.8827587049368117e+22,
    2.8827587049368117e+22,
    2.8827587049368117e+22,
    2.8827587049368117e+22,
    2.8827587049368117e+22,
    2.8827587049368117e+22,
    2.8827587049368117e+22,
    2.8827587049368117e+22,
    2.8827587049368117e+22,
    2.8827587049368117e+22,
    0.0,
    2.8827587049368117e+22,
    2.8827587049368117e+22,
    2.8827587049368117e+22,
    2.8827587049368117e+22,
    0.0,
    2.8827587049368117e+22,
    0.0,
    2.8827587049368117e+22,
    2.8827587049368117e+22,
    2.8827587049368117e+22,
    2.8827587049368117e+22,
    2.8827587049368117e+22,
    2.8827587049368117e+22,
    2.8827587049368117e+22,
    2.8827587049368117e+22,
    0.0,
    2.8827587049368117e+22,
    2.8827587049368117e+22,
    2.8827587049368117e+22,
    2.8827587049368117e+22,
    2.8827587049368117e+22,
    2.8827587049368117e+22,
    2.8827587049368117e+22,
    2.8827587049368117e+22,
    2.8827587049368117e+22,
    2.8827587049368117e+22,
    2.8827587049368117e+22,
    2.8827587049368117e+22,
    2.8827587049368117e+22,
    2.8827587049368117e+22,
    2.8827587049368117e+22,
    2.8827587049368117e+22,
    0.0,
    2.8827587049368117e+22,
    2.8827587049368117e+22,
    2.8827587049368117e+22,
    2.8827587049368117e+22,
    2.8827587049368117e+22,
    2.8827587049368117e+22,
    2.8827587049368117e+22,
    2.8827587049368117e+22,
    0.0,
    2.8827587049368117e+22,
    2.8827587049368117e+22,
    2.8827587049368117e+22,
    2.8827587049368117e+22,
    2.8827587049368117e+22,
    2.8827587049368117e+22,
    0.0,
    2.8827587049368117e+22,
    2.8827587049368117e+22,
    2.8827587049368117e+22,
    2.8827587049368117e+22,
    2.8827587049368117e+22,
    2.8827587049368117e+22,
    2.8827587049368117e+22,
    2.8827587049368117e+22,
    2.8827587049368117e+22,
    2.8827587049368117e+22,
    2.8827587049368117e+22,
    2.8827587049368117e+22,
    2.8827587049368117e+22,
    2.8827587049368117e+22,
    2.8827587049368117e+22,
    2.8827587049368117e+22,
    2.8827587049368117e+22,
    2.8827587049368117e+22,
    2.8827587049368117e+22,
    2.8827587049368117e+22,
    2.8827587049368117e+22,
    2.8827587049368117e+22,
    2.8827587049368117e+22,
    2.8827587049368117e+22,
    2.8827587049368117e+22,
    2.8827587049368117e+22,
    2.8827587049368117e+22,
    2.8827587049368117e+22,
    2.8827587049368117e+22,
    2.8827587049368117e+22,
    2.8827587049368117e+22,
    2.8827587049368117e+22,
    2.8827587049368117e+22,
    2.8827587049368117e+22,
    2.8827587049368117e+22,
    2.8827587049368117e+22,
    2.8827587049368117e+22,
    2.8827587049368117e+22,
    2.8827587049368117e+22,
    2.8827587049368117e+22,
    2.8827587049368117e+22,
    2.8827587049368117e+22,
    2.8827587049368117e+22,
    2.8827587049368117e+22,
    2.8827587049368117e+22,
    2.8827587049368117e+22,
    2.8827587049368117e+22,
    2.8827587049368117e+22,
    2.8827587049368117e+22,
    2.8827587049368117e+22,
    2.8827587049368117e+22,
    2.8827587049368117e+22,
    2.8827587049368117e+22,
    2.8827587049368117e+22,
    2.8827587049368117e+22,
    2.8827587049368117e+22,
    2.8827587049368117e+22,
    2.8827587049368117e+22,
    2.8827587049368117e+22,
    2.8827587049368117e+22,
    0.0,
    2.8827587049368117e+22,
    2.8827587049368117e+22,
    2.8827587049368117e+22,
    0.0,
    2.8827587049368117e+22,
    2.8827587049368117e+22,
    2.8827587049368117e+22,
    2.8827587049368117e+22,
    2.8827587049368117e+22,
    2.8827587049368117e+22,
    2.8827587049368117e+22,
    2.8827587049368117e+22,
    2.8827587049368117e+22,
    2.8827587049368117e+22,
    2.8827587049368117e+22,
    2.8827587049368117e+22,
    2.8827587049368117e+22,
    2.8827587049368117e+22,
    2.8827587049368117e+22,
    2.8827587049368117e+22,
    2.8827587049368117e+22,
    2.8827587049368117e+22,
    2.8827587049368117e+22,
    2.8827587049368117e+22,
    2.8827587049368117e+22,
    2.8827587049368117e+22,
    2.8827587049368117e+22,
    2.8827587049368117e+22,
    2.8827587049368117e+22,
    2.8827587049368117e+22,
    2.8827587049368117e+22,
    2.8827587049368117e+22,
    2.8827587049368117e+22,
    0.0,
    2.8827587049368117e+22,
    2.8827587049368117e+22,
    2.8827587049368117e+22,
    2.8827587049368117e+22,
    2.8827587049368117e+22,
    2.8827587049368117e+22,
    2.8827587049368117e+22,
    0.0,
