{
  "LB": 0.0,
  "UB": 1.8343067499968983e+24,
  "gap_pct": 1.8343067499968985e+36,
  "x_LB": [
    [
      0,
      8
    ],
    [
      1,
      3
    ],
    [
      2,
      1
    ],
    [
      3,
      4
    ],
    [
      4,
      7
    ],
    [
      5,
      0
    ],
    [
      6,
      9
    ],
    [
      7,
      6
    ],
    [
      8,
      2
    ],
    [
      9,
      5
    ]
  ],
  "x_star_final": [
    [
      0,
      6
    ],
    [
      1,
      1
    ],
    [
      2,
      5
    ],
    [
      3,
      8
    ],
    [
      4,
      2
    ],
    [
      5,
      4
    ],
    [
      6,
      7
    ],
    [
      7,
      9
    ],
    [
      8,
      0
    ],
    [
      9,
      3
    ]
  ],
  "iterations": 100,
  "lambdas_final": [
    3.140534150180301e+22,
    3.140534150180301e+22,
    0.0,
    3.140534150180301e+22,
    3.140534150180301e+22,
    3.140534150180301e+22,
    3.140534150180301e+22,
    3.140534150180301e+22,
    3.140534150180301e+22,
    3.140534150180301e+22,
    3.140534150180301e+22,
    3.140534150180301e+22,
    3.140534150180301e+22,
    3.140534150180301e+22,
    3.140534150180301e+22,
    0.0,
    0.0,
    0.0,
    0.0,
    0.0,
    3.140534150180301e+22,
    3.140534150180301e+22,
    3.140534150180301e+22,
    3.140534150180301e+22,
    3.140534150180301e+22,
    3.140534150180301e+22,
    3.140534150180301e+22,
    3.140534150180301e+22,
    0.0,
    3.140534150180301e+22,
    0.0,
    3.140534150180301e+22,
    0.0,
    3.140534150180301e+22,
    0.0,
    3.140534150180301e+22,
    0.0,
    3.140534150180301e+22,
    3.140534150180301e+22,
    3.140534150180301e+22,
    3.140534150180301e+22,
    3.140534150180301e+22,
    0.0,
    3.140534150180301e+22,
    3.140534150180301e+22,
    3.140534150180301e+22,
    3.140534150180301e+22,
    3.140534150180301e+22,
    3.140534150180301e+22,
    3.140534150180301e+22,
    0.0,
    3.140534150180301e+22,
    3.140534150180301e+22,
    3.140534150180301e+22,
    3.140534150180301e+22,
    0.0,
    3.140534150180301e+22,
    0.0,
    3.140534150180301e+22,
    0.0,
    3.140534150180301e+22,
    3.140534150180301e+22,
    3.140534150180301e+22,
    3.140534150180301e+22,
    3.140534150180301e+22,
    3.140534150180301e+22,
    0.0,
    3.140534150180301e+22,
    3.140534150180301e+22,
    3.140534150180301e+22,
    3.140534150180301e+22,
    3.140534150180301e+22,
    3.140534150180301e+22,
    3.140534150180301e+22,
    0.0,
    3.140534150180301e+22,
    3.140534150180301e+22,
    3.140534150180301e+22,
    3.140534150180301e+22,
    3.140534150180301e+22
  ],
  "runtime_seconds": 0.010469436645507812,
  "terminated_reason": "iteration_limit"
}