{
  "LB": 0.0,
  "UB": 3.912626783250267e+24,
  "gap_pct": 3.912626783250267e+36,
  "x_LB": [
    [
      0,
      8
    ],
    [
      1,
      3
    ],
    [
      2,
      6
    ],
    [
      3,
      5
    ],
    [
      4,
      15
    ],
    [
      5,
      16
    ],
    [
      6,
      2
    ],
    [
      7,
      12
    ],
    [
      8,
      0
    ],
    [
      9,
      1
    ],
    [
      10,
      13
    ],
    [
      11,
      10
    ],
    [
      12,
      19
    ],
    [
      13,
      9
    ],
    [
      14,
      14
    ],
    [
      15,
      11
    ],
    [
      16,
      4
    ],
    [
      17,
      17
    ],
    [
      18,
      18
    ],
    [
      19,
      7
    ]
  ],
  "x_star_final": [
    [
      0,
      15
    ],
    [
      1,
      8
    ],
    [
      2,
      19
    ],
    [
      3,
      1
    ],
    [
      4,
      18
    ],
    [
      5,
      10
    ],
    [
      6,
      13
    ],
    [
      7,
      11
    ],
    [
      8,
      14
    ],
    [
      9,
      3
    ],
    [
      10,
      5
    ],
    [
      11,
      4
    ],
    [
      12,
      6
    ],
    [
      13,
      7
    ],
    [
      14,
      12
    ],
    [
      15,
      17
    ],
    [
      16,
      9
    ],
    [
      17,
      0
    ],
    [
      18,
      2
    ],
    [
      19,
      16
    ]
  ],
  "iterations": 100,
  "lambdas_final": [
    0.0,
    6.698845779054318e+22,
    6.698845779054318e+22,
    6.698845779054318e+22,
    6.698845779054318e+22,
    6.698845779054318e+22,
    6.698845779054318e+22,
    6.698845779054318e+22,
    6.698845779054318e+22,
    0.0,
    0.0,
    0.0,
    6.698845779054318e+22,
    6.698845779054318e+22,
    6.698845779054318e+22,
    6.698845779054318e+22,
    6.698845779054318e+22,
    0.0,
    0.0,
    6.698845779054318e+22,
    6.698845779054318e+22,
    6.698845779054318e+22,
    6.698845779054318e+22,
    6.698845779054318e+22,
    6.698845779054318e+22,
    0.0,
    6.698845779054318e+22,
    6.698845779054318e+22,
    6.698845779054318e+22,
    6.698845779054318e+22,
    6.698845779054318e+22,
    6.698845779054318e+22,
    6.698845779054318e+22,
    6.698845779054318e+22,
    6.698845779054318e+22,
    6.698845779054318e+22,
    6.698845779054318e+22,
    6.698845779054318e+22,
    6.698845779054318e+22,
    6.698845779054318e+22,
    6.698845779054318e+22,
    6.698845779054318e+22,
    6.698845779054318e+22,
    6.698845779054318e+22,
    6.698845779054318e+22,
    0.0,
    6.698845779054318e+22,
    6.698845779054318e+22,
    6.698845779054318e+22,
    6.698845779054318e+22,
    6.698845779054318e+22,
    6.698845779054318e+22,
    0.0,
    6.698845779054318e+22,
    6.698845779054318e+22,
    6.698845779054318e+22,
    6.698845779054318e+22,
    6.698845779054318e+22,
    6.698845779054318e+22,
    6.698845779054318e+22,
    6.698845779054318e+22,
    6.698845779054318e+22,
    6.698845779054318e+22,
    6.698845779054318e+22,
    6.698845779054318e+22,
    6.698845779054318e+22,
    6.698845779054318e+22,
    6.698845779054318e+22,
    6.698845779054318e+22,
    6.698845779054318e+22,
    6.698845779054318e+22,
    0.0
  ],
  "runtime_seconds": 0.013666152954101562,
  "terminated_reason": "iteration_limit"
}