{
  "LB": 879.0,
  "UB": 879.0,
  "gap_pct": 0.0,
  "x_LB": [
    [
      0,
      3
    ],
    [
      1,
      8
    ],
    [
      2,
      2
    ],
    [
      3,
      7
    ],
    [
      4,
      6
    ],
    [
      5,
      1
    ],
    [
      6,
      5
    ],
    [
      7,
      4
    ],
    [
      8,
      9
    ],
    [
      9,
      0
    ]
  ],
  "x_star_final": [
    [
      0,
      3
    ],
    [
      1,
      8
    ],
    [
      2,
      2
    ],
    [
      3,
      7
    ],
    [
      4,
      6
    ],
    [
      5,
      1
    ],
    [
      6,
      5
    ],
    [
      7,
      4
    ],
    [
      8,
      9
    ],
    [
      9,
      0
    ]
  ],
  "iterations": 43,
  "lambdas_final": [
    0.0,
    0.0,
    0.0,
    0.0,
    0.0,
    0.0,
    0.0,
    0.0,
    0.0,
    0.0,
    0.0,
    0.0,
    0.0,
    0.0,
    0.0,
    0.0,
    0.0,
    0.0,
    0.0,
    0.0,
    0.0,
    0.0,
    0.0,
    0.0,
    44.60319232057149,
    0.0,
    0.0,
    0.0,
    0.0,
    0.0,
    0.0,
    0.0,
    0.0,
    0.0,
    0.0,
    0.0,
    0.0,
    5.893314197950269,
    0.0,
    0.0
  ],
  "runtime_seconds": 0.0010879039764404297,
  "terminated_reason": "complementary_slackness"
}