{
  "LB": 680.0,
  "UB": 8.048941496479795e+23,
  "gap_pct": 1.1836678671293816e+23,
  "x_LB": [
    [
      0,
      2
    ],
    [
      1,
      4
    ],
    [
      2,
      7
    ],
    [
      3,
      1
    ],
    [
      4,
      5
    ],
    [
      5,
      3
    ],
    [
      6,
      9
    ],
    [
      7,
      0
    ],
    [
      8,
      6
    ],
    [
      9,
      8
    ]
  ],
  "x_star_final": [
    [
      0,
      2
    ],
    [
      1,
      4
    ],
    [
      2,
      7
    ],
    [
      3,
      8
    ],
    [
      4,
      5
    ],
    [
      5,
      3
    ],
    [
      6,
      9
    ],
    [
      7,
      0
    ],
    [
      8,
      6
    ],
    [
      9,
      1
    ]
  ],
  "iterations": 100,
  "lambdas_final": [
    5.415061356496834e+21,
    5.415061356496834e+21,
    5.415061356496834e+21,
    5.415061356496834e+21,
    5.415061356496834e+21,
    5.415061356496834e+21,
    5.415061356496834e+21,
    0.0,
    0.0,
    5.415061356496834e+21,
    5.415061356496834e+21,
    5.415061356496834e+21,
    5.415061356496834e+21,
    5.415061356496834e+21,
    0.0,
    5.415061356496834e+21,
    5.415061356496834e+21,
    5.415061356496834e+21,
    5.415061356496834e+21,
    5.415061356496834e+21,
    5.415061356496834e+21,
    5.415061356496834e+21,
    5.415061356496834e+21,
    5.415061356496834e+21,
    5.415061356496834e+21,
    5.415061356496834e+21,
    5.415061356496834e+21,
    5.415061356496834e+21,
    5.415061356496834e+21,
    5.415061356496834e+21,
    5.415061356496834e+21,
    5.415061356496834e+21,
    5.415061356496834e+21,
    5.415061356496834e+21,
    5.415061356496834e+21,
    5.415061356496834e+21,
    5.415061356496834e+21,
    5.415061356496834e+21,
    5.415061356496834e+21,
    5.415061356496834e+21,
    5.415061356496834e+21,
    5.415061356496834e+21,
    5.415061356496834e+21,
    0.0,
    5.415061356496834e+21,
    0.0,
    5.415061356496834e+21,
    5.415061356496834e+21,
    5.415061356496834e+21,
    5.415061356496834e+21,
    0.0,
    5.415061356496834e+21,
    5.415061356496834e+21,
    5.415061356496834e+21,
    0.0,
    5.415061356496834e+21,
    0.0,
    5.415061356496834e+21,
    0.0,
    0.0,
    5.415061356496834e+21,
    0.0,
    0.0,
    5.415061356496834e+21,
    5.415061356496834e+21,
    5.415061356496834e+21,
    0.0,
    5.415061356496834e+21,
    5.415061356496834e+21,
    0.0,
    5.415061356496834e+21,
    5.415061356496834e+21,
    0.0,
    5.415061356496834e+21,
    0.0,
    5.415061356496834e+21,
    5.415061356496834e+21,
    5.415061356496834e+21,
    5.415061356496834e+21,
    5.415061356496834e+21,
    5.415061356496834e+21,
    5.415061356496834e+21,
    5.415061356496834e+21,
    5.415061356496834e+21,
    5.415061356496834e+21,
    5.415061356496834e+21,
    5.415061356496834e+21,
    5.415061356496834e+21,
    5.415061356496834e+21,
    5.415061356496834e+21,
    5.415061356496834e+21,
    5.415061356496834e+21,
    0.0,
    5.415061356496834e+21,
    5.415061356496834e+21,
    5.415061356496834e+21,
    5.415061356496834e+21,
    0.0,
    5.415061356496834e+21,
    5.415061356496834e+21,
    0.0,
    5.415061356496834e+21,
    5.415061356496834e+21,
    5.415061356496834e+21,
    5.415061356496834e+21,
    5.415061356496834e+21,
    5.415061356496834e+21,
    5.415061356496834e+21,
    5.415061356496834e+21,
    5.415061356496834e+21,
    0.0,
    5.415061356496834e+21,
    5.415061356496834e+21,
    5.415061356496834e+21,
    5.415061356496834e+21,
    5.415061356496834e+21,
    5.415061356496834e+21,
    5.415061356496834e+21,
    5.415061356496834e+21,
    5.415061356496834e+21,
    5.415061356496834e+21,
    5.415061356496834e+21,
    5.415061356496834e+21,
    5.415061356496834e+21,
    5.415061356496834e+21,
    5.415061356496834e+21,
    5.415061356496834e+21,
    0.0,
    0.0,
    0.0,
    5.415061356496834e+21,
    5.415061356496834e+21,
    5.415061356496834e+21,
    5.415061356496834e+21,
    5.415061356496834e+21,
    5.415061356496834e+21,
    0.0,
    0.0,
    5.415061356496834e+21,
    5.415061356496834e+21,
    5.415061356496834e+21,
    5.415061356496834e+21,
    5.415061356496834e+21,
    5.415061356496834e+21,
    5.415061356496834e+21,
    5.415061356496834e+21,
    5.415061356496834e+21,
    5.415061356496834e+21,
    5.415061356496834e+21,
    5.415061356496834e+21,
    5.415061356496834e+21,
    5.415061356496834e+21,
    0.0,
    5.415061356496834e+21,
    5.415061356496834e+21,
    0.0,
    5.415061356496834e+21,
    0.0,
    5.415061356496834e+21,
    5.415061356496834e+21,
    5.415061356496834e+21,
    5.415061356496834e+21,
    5.415061356496834e+21,
    5.415061356496834e+21,
    5.415061356496834e+21,
    0.0,
    5.415061356496834e+21,
    5.415061356496834e+21,
    0.0,
    5.415061356496834e+21,
    5.415061356496834e+21,
    5.415061356496834e+21,
    5.415061356496834e+21,
    5.415061356496834e+21,
    5.415061356496834e+21,
    5.415061356496834e+21,
    5.415061356496834e+21,
    5.415061356496834e+21,
    5.415061356496834e+21,
    5.415061356496834e+21,
    0.0,
    5.415061356496834e+21,
    5.415061356496834e+21,
    5.415061356496834e+21,
    5.415061356496834e+21,
    5.415061356496834e+21,
    5.415061356496834e+21,
    5.415061356496834e+21,
    5.415061356496834e+21,
    0.0,
    5.415061356496834e+21,
    5.415061356496834e+21,
    5.415061356496834e+21,
    0.0,
    5.415061356496834e+21,
    5.415061356496834e+21,
    5.415061356496834e+21,
    5.415061356496834e+21,
    5.415061356496834e+21,
    5.415061356496834e+21
  ],
  "runtime_seconds": 0.013931989669799805,
  "terminated_reason": "iteration_limit"
}