{
  "LB": 1761.0,
  "UB": 7.042120151053958e+23,
  "gap_pct": 3.998932510536035e+22,
  "x_LB": [
    [
      0,
      0
    ],
    [
      1,
      8
    ],
    [
      2,
      19
    ],
    [
      3,
      1
    ],
    [
      4,
      18
    ],
    [
      5,
      10
    ],
    [
      6,
      13
    ],
    [
      7,
      11
    ],
    [
      8,
      14
    ],
    [
      9,
      15
    ],
    [
      10,
      5
    ],
    [
      11,
      4
    ],
    [
      12,
      6
    ],
    [
      13,
      7
    ],
    [
      14,
      12
    ],
    [
      15,
      17
    ],
    [
      16,
      9
    ],
    [
      17,
      3
    ],
    [
      18,
      2
    ],
    [
      19,
      16
    ]
  ],
  "x_star_final": [
    [
      0,
      15
    ],
    [
      1,
      8
    ],
    [
      2,
      19
    ],
    [
      3,
      1
    ],
    [
      4,
      18
    ],
    [
      5,
      10
    ],
    [
      6,
      13
    ],
    [
      7,
      11
    ],
    [
      8,
      14
    ],
    [
      9,
      3
    ],
    [
      10,
      5
    ],
    [
      11,
      4
    ],
    [
      12,
      6
    ],
    [
      13,
      7
    ],
    [
      14,
      12
    ],
    [
      15,
      17
    ],
    [
      16,
      9
    ],
    [
      17,
      0
    ],
    [
      18,
      2
    ],
    [
      19,
      16
    ]
  ],
  "iterations": 100,
  "lambdas_final": [
    0.0,
    2.4203005384321537e+21,
    2.4203005384321537e+21,
    2.4203005384321537e+21,
    2.4203005384321537e+21,
    2.4203005384321537e+21,
    2.4203005384321537e+21,
    2.4203005384321537e+21,
    2.4203005384321537e+21,
    0.0,
    0.0,
    0.0,
    2.4203005384321537e+21,
    2.4203005384321537e+21,
    2.4203005384321537e+21,
    2.4203005384321537e+21,
    2.4203005384321537e+21,
    0.0,
    0.0,
    2.4203005384321537e+21,
    2.4203005384321537e+21,
    2.4203005384321537e+21,
    2.4203005384321537e+21,
    2.4203005384321537e+21,
    2.4203005384321537e+21,
    0.0,
    2.4203005384321537e+21,
    2.4203005384321537e+21,
    2.4203005384321537e+21,
    2.4203005384321537e+21,
    2.4203005384321537e+21,
    2.4203005384321537e+21,
    2.4203005384321537e+21,
    2.4203005384321537e+21,
    2.4203005384321537e+21,
    2.4203005384321537e+21,
    2.4203005384321537e+21,
    2.4203005384321537e+21,
    2.4203005384321537e+21,
    2.4203005384321537e+21,
    2.4203005384321537e+21,
    2.4203005384321537e+21,
    2.4203005384321537e+21,
    2.4203005384321537e+21,
    2.4203005384321537e+21,
    0.0,
    2.4203005384321537e+21,
    2.4203005384321537e+21,
    2.4203005384321537e+21,
    2.4203005384321537e+21,
    2.4203005384321537e+21,
    2.4203005384321537e+21,
    0.0,
    2.4203005384321537e+21,
    2.4203005384321537e+21,
    2.4203005384321537e+21,
    2.4203005384321537e+21,
    2.4203005384321537e+21,
    2.4203005384321537e+21,
    2.4203005384321537e+21,
    2.4203005384321537e+21,
    2.4203005384321537e+21,
    2.4203005384321537e+21,
    2.4203005384321537e+21,
    2.4203005384321537e+21,
    2.4203005384321537e+21,
    2.4203005384321537e+21,
    2.4203005384321537e+21,
    2.4203005384321537e+21,
    2.4203005384321537e+21,
    2.4203005384321537e+21,
    0.0,
    2.4203005384321537e+21,
    2.4203005384321537e+21,
    2.4203005384321537e+21,
    2.4203005384321537e+21,
    2.4203005384321537e+21,
    2.4203005384321537e+21,
    2.4203005384321537e+21,
    2.4203005384321537e+21,
    0.0,
    2.4203005384321537e+21,
    0.0,
    2.4203005384321537e+21,
    2.4203005384321537e+21,
    0.0,
    2.4203005384321537e+21,
    2.4203005384321537e+21,
    2.4203005384321537e+21,
    2.4203005384321537e+21,
    2.4203005384321537e+21,
    2.4203005384321537e+21,
    2.4203005384321537e+21,
    2.4203005384321537e+21,
    2.4203005384321537e+21,
    2.4203005384321537e+21,
    0.0,
    2.4203005384321537e+21,
    2.4203005384321537e+21,
    2.4203005384321537e+21,
    2.4203005384321537e+21,
    0.0,
    2.4203005384321537e+21,
    2.4203005384321537e+21,
    2.4203005384321537e+21,
    2.4203005384321537e+21,
    2.4203005384321537e+21,
    2.4203005384321537e+21,
    2.4203005384321537e+21,
    2.4203005384321537e+21,
    2.4203005384321537e+21,
    2.4203005384321537e+21,
    2.4203005384321537e+21,
    2.4203005384321537e+21,
    2.4203005384321537e+21,
    2.4203005384321537e+21,
    2.4203005384321537e+21,
    0.0,
    2.4203005384321537e+21,
    2.4203005384321537e+21,
    2.4203005384321537e+21,
    2.4203005384321537e+21,
    2.4203005384321537e+21,
    2.4203005384321537e+21,
    2.4203005384321537e+21,
    2.4203005384321537e+21,
    2.4203005384321537e+21,
    2.4203005384321537e+21,
    2.4203005384321537e+21,
    2.4203005384321537e+21,
    2.4203005384321537e+21,
    2.4203005384321537e+21,
    2.4203005384321537e+21,
    2.4203005384321537e+21,
    2.4203005384321537e+21,
    2.4203005384321537e+21,
    2.4203005384321537e+21,
    2.4203005384321537e+21,
    2.4203005384321537e+21,
    2.4203005384321537e+21,
    2.4203005384321537e+21,
    2.4203005384321537e+21,
    2.4203005384321537e+21,
    2.4203005384321537e+21,
    2.4203005384321537e+21,
    2.4203005384321537e+21,
    2.4203005384321537e+21,
    2.4203005384321537e+21,
    2.4203005384321537e+21,
    2.4203005384321537e+21,
    2.4203005384321537e+21,
    2.4203005384321537e+21,
    2.4203005384321537e+21,
    2.4203005384321537e+21,
    2.4203005384321537e+21,
    2.4203005384321537e+21,
    2.4203005384321537e+21,
    2.4203005384321537e+21,
    2.4203005384321537e+21,
    2.4203005384321537e+21,
    2.4203005384321537e+21,
    2.4203005384321537e+21,
    2.4203005384321537e+21,
    2.4203005384321537e+21,
    2.4203005384321537e+21,
    2.4203005384321537e+21,
    2.4203005384321537e+21,
    2.4203005384321537e+21,
    2.4203005384321537e+21,
    2.4203005384321537e+21,
    2.4203005384321537e+21,
    2.4203005384321537e+21,
    2.4203005384321537e+21,
    2.4203005384321537e+21,
    2.4203005384321537e+21,
    2.4203005384321537e+21,
    2.4203005384321537e+21,
    2.4203005384321537e+21,
    0.0,
    2.4203005384321537e+21,
    2.4203005384321537e+21,
    2.4203005384321537e+21,
    2.4203005384321537e+21,
    2.4203005384321537e+21,
    2.4203005384321537e+21,
    2.4203005384321537e+21,
    2.4203005384321537e+21,
    2.4203005384321537e+21,
    2.4203005384321537e+21,
    2.4203005384321537e+21,
    2.4203005384321537e+21,
    2.4203005384321537e+21,
    2.4203005384321537e+21,
    2.4203005384321537e+21,
    2.4203005384321537e+21,
    2.4203005384321537e+21,
    2.4203005384321537e+21,
    2.4203005384321537e+21,
    2.4203005384321537e+21,
    2.4203005384321537e+21,
    2.4203005384321537e+21,
    2.4203005384321537e+21,
    2.4203005384321537e+21,
    2.4203005384321537e+21,
    2.4203005384321537e+21,
    2.4203005384321537e+21,
    2.4203005384321537e+21,
    2.4203005384321537e+21,
    2.4203005384321537e+21,
    0.0,
    2.4203005384321537e+21,
    2.4203005384321537e+21,
    2.4203005384321537e+21,
    2.4203005384321537e+21,
    2.4203005384321537e+21,
    0.0,
    2.4203005384321537e+21,
    2.4203005384321537e+21,
    0.0,
    2.4203005384321537e+21,
    2.4203005384321537e+21,
    2.4203005384321537e+21,
    2.4203005384321537e+21,
    2.4203005384321537e+21,
    2.4203005384321537e+21,
    0.0,
    2.4203005384321537e+21,
    2.4203005384321537e+21,
    2.4203005384321537e+21,
    0.0,
    2.4203005384321537e+21,
    2.4203005384321537e+21,
    2.4203005384321537e+21,
    2.4203005384321537e+21,
    2.4203005384321537e+21,
    2.4203005384321537e+21,
    2.4203005384321537e+21,
    2.4203005384321537e+21,
    2.4203005384321537e+21,
    2.4203005384321537e+21,
    2.4203005384321537e+21,
    2.4203005384321537e+21,
    2.4203005384321537e+21,
    2.4203005384321537e+21,
    2.4203005384321537e+21,
    2.4203005384321537e+21,
    2.4203005384321537e+21,
    2.4203005384321537e+21,
    2.4203005384321537e+21,
    2.4203005384321537e+21,
