{
  "LB": 1859.0,
  "UB": 1875.9475674937053,
  "gap_pct": 0.9116496769072224,
  "x_LB": [
    [
      0,
      15
    ],
    [
      1,
      10
    ],
    [
      2,
      1
    ],
    [
      3,
      11
    ],
    [
      4,
      8
    ],
    [
      5,
      3
    ],
    [
      6,
      13
    ],
    [
      7,
      18
    ],
    [
      8,
      14
    ],
    [
      9,
      16
    ],
    [
      10,
      5
    ],
    [
      11,
      4
    ],
    [
      12,
      6
    ],
    [
      13,
      7
    ],
    [
      14,
      12
    ],
    [
      15,
      17
    ],
    [
      16,
      9
    ],
    [
      17,
      0
    ],
    [
      18,
      2
    ],
    [
      19,
      19
    ]
  ],
  "x_star_final": [
    [
      0,
      15
    ],
    [
      1,
      10
    ],
    [
      2,
      1
    ],
    [
      3,
      11
    ],
    [
      4,
      8
    ],
    [
      5,
      3
    ],
    [
      6,
      13
    ],
    [
      7,
      18
    ],
    [
      8,
      14
    ],
    [
      9,
      16
    ],
    [
      10,
      5
    ],
    [
      11,
      4
    ],
    [
      12,
      6
    ],
    [
      13,
      7
    ],
    [
      14,
      12
    ],
    [
      15,
      17
    ],
    [
      16,
      9
    ],
    [
      17,
      0
    ],
    [
      18,
      2
    ],
    [
      19,
      19
    ]
  ],
  "iterations": 500,
  "lambdas_final": [
    0.0,
    0.0,
    0.0,
    0.0,
    0.0,
    0.0,
    0.0,
    0.0,
    0.0,
    0.0,
    0.0,
    0.0,
    0.0,
    0.0,
    0.0,
    0.0,
    0.0,
    0.0,
    2.4625302902225954,
    0.0,
    0.0,
    0.0,
    0.0,
    0.0,
    0.0,
    0.0,
    0.0,
    0.0,
    0.0,
    0.0,
    0.0,
    0.0,
    0.0,
    0.0,
    0.0,
    16.94756746262364,
    0.0,
    0.0,
    0.0,
    0.0,
    0.0,
    0.0,
    0.0,
    0.0,
    0.0,
    0.0,
    0.0,
    0.0,
    0.0,
    0.0,
    0.0,
    0.0,
    0.0,
    0.0,
    0.0,
    0.0,
    0.0,
    0.0,
    0.0,
    0.0,
    0.0,
    0.0,
    0.0,
    0.0,
    0.0,
    0.0,
    0.0,
    0.0,
    0.0,
    0.0,
    0.0,
    0.0
  ],
  "runtime_seconds": 0.026147842407226562,
  "terminated_reason": "iteration_limit"
}