{
  "LB": 0.0,
  "UB": 3.7200146210005626e+23,
  "gap_pct": 3.720014621000562e+35,
  "x_LB": [
    [
      0,
      1
    ],
    [
      1,
      5
    ],
    [
      2,
      6
    ],
    [
      3,
      0
    ],
    [
      4,
      9
    ],
    [
      5,
      4
    ],
    [
      6,
      7
    ],
    [
      7,
      2
    ],
    [
      8,
      8
    ],
    [
      9,
      3
    ]
  ],
  "x_star_final": [
    [
      0,
      3
    ],
    [
      1,
      2
    ],
    [
      2,
      5
    ],
    [
      3,
      7
    ],
    [
      4,
      4
    ],
    [
      5,
      9
    ],
    [
      6,
      1
    ],
    [
      7,
      0
    ],
    [
      8,
      6
    ],
    [
      9,
      8
    ]
  ],
  "iterations": 100,
  "lambdas_final": [
    2.4617743815444896e+22,
    2.4617743815444896e+22,
    2.4617743815444896e+22,
    0.0,
    2.4617743815444896e+22,
    0.0,
    2.4617743815444896e+22,
    2.4617743815444896e+22,
    2.4617743815444896e+22,
    2.4617743815444896e+22,
    2.4617743815444896e+22,
    2.4617743815444896e+22,
    2.4617743815444896e+22,
    0.0,
    2.4617743815444896e+22,
    2.4617743815444896e+22,
    2.4617743815444896e+22,
    0.0,
    2.4617743815444896e+22,
    2.4617743815444896e+22
  ],
  "runtime_seconds": 0.011228561401367188,
  "terminated_reason": "iteration_limit"
}