{
  "LB": 0.0,
  "UB": 6.019922209340779e+24,
  "gap_pct": 6.019922209340779e+36,
  "x_LB": [
    [
      0,
      11
    ],
    [
      1,
      5
    ],
    [
      2,
      17
    ],
    [
      3,
      19
    ],
    [
      4,
      9
    ],
    [
      5,
      0
    ],
    [
      6,
      16
    ],
    [
      7,
      1
    ],
    [
      8,
      15
    ],
    [
      9,
      6
    ],
    [
      10,
      10
    ],
    [
      11,
      13
    ],
    [
      12,
      14
    ],
    [
      13,
      12
    ],
    [
      14,
      7
    ],
    [
      15,
      3
    ],
    [
      16,
      8
    ],
    [
      17,
      2
    ],
    [
      18,
      18
    ],
    [
      19,
      4
    ]
  ],
  "x_star_final": [
    [
      0,
      17
    ],
    [
      1,
      7
    ],
    [
      2,
      19
    ],
    [
      3,
      6
    ],
    [
      4,
      14
    ],
    [
      5,
      8
    ],
    [
      6,
      18
    ],
    [
      7,
      5
    ],
    [
      8,
      4
    ],
    [
      9,
      16
    ],
    [
      10,
      3
    ],
    [
      11,
      10
    ],
    [
      12,
      12
    ],
    [
      13,
      15
    ],
    [
      14,
      13
    ],
    [
      15,
      1
    ],
    [
      16,
      0
    ],
    [
      17,
      9
    ],
    [
      18,
      2
    ],
    [
      19,
      11
    ]
  ],
  "iterations": 100,
  "lambdas_final": [
    0.0,
    1.973768416690317e+22,
    1.973768416690317e+22,
    1.973768416690317e+22,
    1.973768416690317e+22,
    1.973768416690317e+22,
    0.0,
    1.973768416690317e+22,
    1.973768416690317e+22,
    1.973768416690317e+22,
    1.973768416690317e+22,
    1.973768416690317e+22,
    0.0,
    1.973768416690317e+22,
    1.973768416690317e+22,
    1.973768416690317e+22,
    1.973768416690317e+22,
    1.973768416690317e+22,
    0.0,
    1.973768416690317e+22,
    1.973768416690317e+22,
    1.973768416690317e+22,
    1.973768416690317e+22,
    1.973768416690317e+22,
    1.973768416690317e+22,
    1.973768416690317e+22,
    1.973768416690317e+22,
    1.973768416690317e+22,
    1.973768416690317e+22,
    1.973768416690317e+22,
    0.0,
    1.973768416690317e+22,
    1.973768416690317e+22,
    1.973768416690317e+22,
    1.973768416690317e+22,
    1.973768416690317e+22,
    1.973768416690317e+22,
    1.973768416690317e+22,
    1.973768416690317e+22,
    1.973768416690317e+22,
    1.973768416690317e+22,
    1.973768416690317e+22,
    1.973768416690317e+22,
    1.973768416690317e+22,
    0.0,
    1.973768416690317e+22,
    1.973768416690317e+22,
    1.973768416690317e+22,
    1.973768416690317e+22,
    1.973768416690317e+22,
    1.973768416690317e+22,
    1.973768416690317e+22,
    1.973768416690317e+22,
    1.973768416690317e+22,
    1.973768416690317e+22,
    1.973768416690317e+22,
    1.973768416690317e+22,
    1.973768416690317e+22,
    1.973768416690317e+22,
    1.973768416690317e+22,
    1.973768416690317e+22,
    1.973768416690317e+22,
    1.973768416690317e+22,
    0.0,
    1.973768416690317e+22,
    0.0,
    1.973768416690317e+22,
    1.973768416690317e+22,
    1.973768416690317e+22,
    1.973768416690317e+22,
    1.973768416690317e+22,
    1.973768416690317e+22,
    1.973768416690317e+22,
    1.973768416690317e+22,
    1.973768416690317e+22,
    0.0,
    1.973768416690317e+22,
    1.973768416690317e+22,
    1.973768416690317e+22,
    1.973768416690317e+22,
    1.973768416690317e+22,
    1.973768416690317e+22,
    1.973768416690317e+22,
    1.973768416690317e+22,
    1.973768416690317e+22,
    1.973768416690317e+22,
    1.973768416690317e+22,
    0.0,
    1.973768416690317e+22,
    1.973768416690317e+22,
    1.973768416690317e+22,
    1.973768416690317e+22,
    1.973768416690317e+22,
    1.973768416690317e+22,
    0.0,
    1.973768416690317e+22,
    1.973768416690317e+22,
    1.973768416690317e+22,
    1.973768416690317e+22,
    1.973768416690317e+22,
    1.973768416690317e+22,
    1.973768416690317e+22,
    1.973768416690317e+22,
    1.973768416690317e+22,
    1.973768416690317e+22,
    1.973768416690317e+22,
    1.973768416690317e+22,
    1.973768416690317e+22,
    1.973768416690317e+22,
    0.0,
    1.973768416690317e+22,
    1.973768416690317e+22,
    1.973768416690317e+22,
    1.973768416690317e+22,
    1.973768416690317e+22,
    1.973768416690317e+22,
    1.973768416690317e+22,
    1.973768416690317e+22,
    1.973768416690317e+22,
    1.973768416690317e+22,
    1.973768416690317e+22,
    0.0,
    1.973768416690317e+22,
    1.973768416690317e+22,
    1.973768416690317e+22,
    1.973768416690317e+22,
    1.973768416690317e+22,
    1.973768416690317e+22,
    1.973768416690317e+22,
    1.973768416690317e+22,
    1.973768416690317e+22,
    1.973768416690317e+22,
    1.973768416690317e+22,
    1.973768416690317e+22,
    1.973768416690317e+22,
    1.973768416690317e+22,
    1.973768416690317e+22,
    1.973768416690317e+22,
    0.0,
    1.973768416690317e+22,
    1.973768416690317e+22,
    1.973768416690317e+22,
    1.973768416690317e+22,
    1.973768416690317e+22,
    1.973768416690317e+22,
    1.973768416690317e+22,
    1.973768416690317e+22,
    1.973768416690317e+22,
    1.973768416690317e+22,
    0.0,
    1.973768416690317e+22,
    1.973768416690317e+22,
    1.973768416690317e+22,
    1.973768416690317e+22,
    1.973768416690317e+22,
    0.0,
    1.973768416690317e+22,
    1.973768416690317e+22,
    1.973768416690317e+22,
    1.973768416690317e+22,
    1.973768416690317e+22,
    1.973768416690317e+22,
    1.973768416690317e+22,
    0.0,
    1.973768416690317e+22,
    1.973768416690317e+22,
    1.973768416690317e+22,
    1.973768416690317e+22,
    1.973768416690317e+22,
    0.0,
    1.973768416690317e+22,
    1.973768416690317e+22,
    0.0,
    1.973768416690317e+22,
    1.973768416690317e+22,
    1.973768416690317e+22,
    1.973768416690317e+22,
    1.973768416690317e+22,
    1.973768416690317e+22,
    1.973768416690317e+22,
    1.973768416690317e+22,
    1.973768416690317e+22,
    1.973768416690317e+22,
    0.0,
    1.973768416690317e+22,
    1.973768416690317e+22,
    1.973768416690317e+22,
    0.0,
    1.973768416690317e+22,
    1.973768416690317e+22,
    1.973768416690317e+22,
    1.973768416690317e+22,
    1.973768416690317e+22,
    1.973768416690317e+22,
    1.973768416690317e+22,
    1.973768416690317e+22,
    1.973768416690317e+22,
    1.973768416690317e+22,
    1.973768416690317e+22,
    1.973768416690317e+22,
    1.973768416690317e+22,
    1.973768416690317e+22,
    1.973768416690317e+22,
    1.973768416690317e+22,
    1.973768416690317e+22,
    1.973768416690317e+22,
    1.973768416690317e+22,
    1.973768416690317e+22,
    1.973768416690317e+22,
    1.973768416690317e+22,
    1.973768416690317e+22,
    1.973768416690317e+22,
    1.973768416690317e+22,
    1.973768416690317e+22,
    1.973768416690317e+22,
    1.973768416690317e+22,
    1.973768416690317e+22,
    1.973768416690317e+22,
    1.973768416690317e+22,
    0.0,
    1.973768416690317e+22,
    0.0,
    1.973768416690317e+22,
    1.973768416690317e+22,
    1.973768416690317e+22,
    1.973768416690317e+22,
    1.973768416690317e+22,
    1.973768416690317e+22,
    1.973768416690317e+22,
    1.973768416690317e+22,
    1.973768416690317e+22,
    1.973768416690317e+22,
    1.973768416690317e+22,
    1.973768416690317e+22,
    1.973768416690317e+22,
    1.973768416690317e+22,
    0.0,
    1.973768416690317e+22,
    1.973768416690317e+22,
    1.973768416690317e+22,
    0.0,
    1.973768416690317e+22,
    1.973768416690317e+22,
    0.0,
    1.973768416690317e+22,
    1.973768416690317e+22,
    1.973768416690317e+22,
    1.973768416690317e+22,
    1.973768416690317e+22,
    1.973768416690317e+22,
    1.973768416690317e+22,
    1.973768416690317e+22,
    1.973768416690317e+22,
    1.973768416690317e+22,
    1.973768416690317e+22,
    1.973768416690317e+22,
    1.973768416690317e+22,
    0.0,
    0.0,
    1.973768416690317e+22,
    1.973768416690317e+22,
    1.973768416690317e+22,
