{
  "LB": 819.0,
  "UB": 818.9999999999999,
  "gap_pct": -1.3881176766986084e-14,
  "x_LB": [
    [
      0,
      3
    ],
    [
      1,
      2
    ],
    [
      2,
      0
    ],
    [
      3,
      7
    ],
    [
      4,
      4
    ],
    [
      5,
      9
    ],
    [
      6,
      1
    ],
    [
      7,
      5
    ],
    [
      8,
      6
    ],
    [
      9,
      8
    ]
  ],
  "x_star_final": [
    [
      0,
      3
    ],
    [
      1,
      2
    ],
    [
      2,
      0
    ],
    [
      3,
      7
    ],
    [
      4,
      4
    ],
    [
      5,
      9
    ],
    [
      6,
      1
    ],
    [
      7,
      5
    ],
    [
      8,
      6
    ],
    [
      9,
      8
    ]
  ],
  "iterations": 17,
  "lambdas_final": [
    0.0,
    0.0,
    0.0,
    0.0,
    0.0,
    0.0,
    0.0,
    0.0,
    0.0,
    0.0,
    0.0,
    0.0,
    0.0,
    0.0,
    0.0,
    0.0,
    0.0,
    26.2084830913377,
    0.0,
    0.0,
    0.0,
    0.0,
    0.0,
    0.0,
    0.0,
    0.0,
    0.0,
    0.0,
    0.0,
    0.0,
    0.0,
    0.0,
    0.0,
    0.0,
    0.0,
    0.0,
    0.0,
    0.0,
    0.0,
    0.0,
    0.0,
    0.0,
    0.0,
    0.0,
    0.0,
    0.0,
    0.0,
    0.0,
    15.982158445309263,
    0.0,
    0.0,
    0.0,
    0.0,
    0.0,
    0.0,
    0.0,
    0.0,
    0.0,
    0.0,
    0.0,
    0.0,
    0.0,
    0.0,
    0.0,
    0.0,
    0.0,
    0.0,
    0.0,
    0.0,
    0.0,
    0.0,
    0.0,
    0.0,
    0.0,
    0.0,
    0.0,
    0.0,
    0.0,
    0.0,
    0.0
  ],
  "runtime_seconds": 0.0005652904510498047,
  "terminated_reason": "complementary_slackness"
}