{
  "LB": 1797.0,
  "UB": 5.121541928039253e+23,
  "gap_pct": 2.850051156393574e+22,
  "x_LB": [
    [
      0,
      3
    ],
    [
      1,
      17
    ],
    [
      2,
      0
    ],
    [
      3,
      1
    ],
    [
      4,
      18
    ],
    [
      5,
      14
    ],
    [
      6,
      12
    ],
    [
      7,
      16
    ],
    [
      8,
      19
    ],
    [
      9,
      6
    ],
    [
      10,
      7
    ],
    [
      11,
      13
    ],
    [
      12,
      4
    ],
    [
      13,
      10
    ],
    [
      14,
      8
    ],
    [
      15,
      11
    ],
    [
      16,
      5
    ],
    [
      17,
      15
    ],
    [
      18,
      9
    ],
    [
      19,
      2
    ]
  ],
  "x_star_final": [
    [
      0,
      3
    ],
    [
      1,
      17
    ],
    [
      2,
      0
    ],
    [
      3,
      1
    ],
    [
      4,
      18
    ],
    [
      5,
      14
    ],
    [
      6,
      4
    ],
    [
      7,
      16
    ],
    [
      8,
      19
    ],
    [
      9,
      6
    ],
    [
      10,
      12
    ],
    [
      11,
      13
    ],
    [
      12,
      7
    ],
    [
      13,
      10
    ],
    [
      14,
      8
    ],
    [
      15,
      11
    ],
    [
      16,
      5
    ],
    [
      17,
      15
    ],
    [
      18,
      9
    ],
    [
      19,
      2
    ]
  ],
  "iterations": 100,
  "lambdas_final": [
    1.7602185734052056e+21,
    1.7602185734052056e+21,
    1.7602185734052056e+21,
    1.7602185734052056e+21,
    1.7602185734052056e+21,
    1.7602185734052056e+21,
    1.7602185734052056e+21,
    1.7602185734052056e+21,
    1.7602185734052056e+21,
    1.7602185734052056e+21,
    1.7602185734052056e+21,
    1.7602185734052056e+21,
    1.7602185734052056e+21,
    1.7602185734052056e+21,
    0.0,
    1.7602185734052056e+21,
    1.7602185734052056e+21,
    1.7602185734052056e+21,
    0.0,
    1.7602185734052056e+21,
    1.7602185734052056e+21,
    1.7602185734052056e+21,
    1.7602185734052056e+21,
    0.0,
    1.7602185734052056e+21,
    1.7602185734052056e+21,
    1.7602185734052056e+21,
    1.7602185734052056e+21,
    1.7602185734052056e+21,
    1.7602185734052056e+21,
    1.7602185734052056e+21,
    1.7602185734052056e+21,
    1.7602185734052056e+21,
    1.7602185734052056e+21,
    1.7602185734052056e+21,
    1.7602185734052056e+21,
    1.7602185734052056e+21,
    1.7602185734052056e+21,
    1.7602185734052056e+21,
    1.7602185734052056e+21,
    0.0,
    1.7602185734052056e+21,
    1.7602185734052056e+21,
    1.7602185734052056e+21,
    1.7602185734052056e+21,
    1.7602185734052056e+21,
    1.7602185734052056e+21,
    1.7602185734052056e+21,
    1.7602185734052056e+21,
    1.7602185734052056e+21,
    1.7602185734052056e+21,
    1.7602185734052056e+21,
    1.7602185734052056e+21,
    1.7602185734052056e+21,
    1.7602185734052056e+21,
    1.7602185734052056e+21,
    1.7602185734052056e+21,
    1.7602185734052056e+21,
    1.7602185734052056e+21,
    1.7602185734052056e+21,
    1.7602185734052056e+21,
    1.7602185734052056e+21,
    1.7602185734052056e+21,
    1.7602185734052056e+21,
    1.7602185734052056e+21,
    1.7602185734052056e+21,
    1.7602185734052056e+21,
    1.7602185734052056e+21,
    1.7602185734052056e+21,
    1.7602185734052056e+21,
    0.0,
    1.7602185734052056e+21,
    1.7602185734052056e+21,
    1.7602185734052056e+21,
    1.7602185734052056e+21,
    1.7602185734052056e+21,
    0.0,
    1.7602185734052056e+21,
    1.7602185734052056e+21,
    1.7602185734052056e+21,
    1.7602185734052056e+21,
    1.7602185734052056e+21,
    1.7602185734052056e+21,
    0.0,
    1.7602185734052056e+21,
    1.7602185734052056e+21,
    1.7602185734052056e+21,
    1.7602185734052056e+21,
    1.7602185734052056e+21,
    1.7602185734052056e+21,
    1.7602185734052056e+21,
    1.7602185734052056e+21,
    1.7602185734052056e+21,
    1.7602185734052056e+21,
    1.7602185734052056e+21,
    1.7602185734052056e+21,
    1.7602185734052056e+21,
    1.7602185734052056e+21,
    0.0,
    1.7602185734052056e+21,
    1.7602185734052056e+21,
    1.7602185734052056e+21,
    1.7602185734052056e+21,
    1.7602185734052056e+21,
    1.7602185734052056e+21,
    1.7602185734052056e+21,
    1.7602185734052056e+21,
    1.7602185734052056e+21,
    1.7602185734052056e+21,
    1.7602185734052056e+21,
    1.7602185734052056e+21,
    1.7602185734052056e+21,
    1.7602185734052056e+21,
    1.7602185734052056e+21,
    1.7602185734052056e+21,
    1.7602185734052056e+21,
    1.7602185734052056e+21,
    1.7602185734052056e+21,
    1.7602185734052056e+21,
    1.7602185734052056e+21,
    1.7602185734052056e+21,
    1.7602185734052056e+21,
    1.7602185734052056e+21,
    1.7602185734052056e+21,
    1.7602185734052056e+21,
    1.7602185734052056e+21,
    1.7602185734052056e+21,
    1.7602185734052056e+21,
    1.7602185734052056e+21,
    1.7602185734052056e+21,
    1.7602185734052056e+21,
    1.7602185734052056e+21,
    1.7602185734052056e+21,
    1.7602185734052056e+21,
    0.0,
    1.7602185734052056e+21,
    1.7602185734052056e+21,
    1.7602185734052056e+21,
    1.7602185734052056e+21,
    1.7602185734052056e+21,
    1.7602185734052056e+21,
    1.7602185734052056e+21,
    1.7602185734052056e+21,
    1.7602185734052056e+21,
    1.7602185734052056e+21,
    1.7602185734052056e+21,
    1.7602185734052056e+21,
    1.7602185734052056e+21,
    1.7602185734052056e+21,
    1.7602185734052056e+21,
    0.0,
    1.7602185734052056e+21,
    1.7602185734052056e+21,
    1.7602185734052056e+21,
    1.7602185734052056e+21,
    1.7602185734052056e+21,
    1.7602185734052056e+21,
    0.0,
    1.7602185734052056e+21,
    1.7602185734052056e+21,
    1.7602185734052056e+21,
    1.7602185734052056e+21,
    1.7602185734052056e+21,
    1.7602185734052056e+21,
    1.7602185734052056e+21,
    1.7602185734052056e+21,
    1.7602185734052056e+21,
    1.7602185734052056e+21,
    1.7602185734052056e+21,
    1.7602185734052056e+21,
    1.7602185734052056e+21,
    0.0,
    1.7602185734052056e+21,
    1.7602185734052056e+21,
    1.7602185734052056e+21,
    1.7602185734052056e+21,
    1.7602185734052056e+21,
    1.7602185734052056e+21,
    1.7602185734052056e+21,
    1.7602185734052056e+21,
    1.7602185734052056e+21,
    1.7602185734052056e+21,
    1.7602185734052056e+21,
    1.7602185734052056e+21,
    0.0,
    1.7602185734052056e+21,
    1.7602185734052056e+21,
    1.7602185734052056e+21,
    1.7602185734052056e+21,
    1.7602185734052056e+21,
    1.7602185734052056e+21,
    1.7602185734052056e+21,
    1.7602185734052056e+21,
    1.7602185734052056e+21,
    1.7602185734052056e+21,
    1.7602185734052056e+21,
    1.7602185734052056e+21,
    1.7602185734052056e+21,
    1.7602185734052056e+21,
    1.7602185734052056e+21,
    1.7602185734052056e+21,
    1.7602185734052056e+21,
    1.7602185734052056e+21,
    1.7602185734052056e+21,
    1.7602185734052056e+21,
    1.7602185734052056e+21,
    1.7602185734052056e+21,
    1.7602185734052056e+21,
    1.7602185734052056e+21,
    1.7602185734052056e+21,
    1.7602185734052056e+21,
    1.7602185734052056e+21,
    0.0,
    1.7602185734052056e+21,
    1.7602185734052056e+21,
    1.7602185734052056e+21,
    1.7602185734052056e+21,
    1.7602185734052056e+21,
    1.7602185734052056e+21,
    1.7602185734052056e+21,
    1.7602185734052056e+21,
    1.7602185734052056e+21,
    1.7602185734052056e+21,
    1.7602185734052056e+21,
    1.7602185734052056e+21,
    1.7602185734052056e+21,
    1.7602185734052056e+21,
    1.7602185734052056e+21,
    1.7602185734052056e+21,
    1.7602185734052056e+21,
    1.7602185734052056e+21,
    1.7602185734052056e+21,
    1.7602185734052056e+21,
    1.7602185734052056e+21,
    1.7602185734052056e+21,
    1.7602185734052056e+21,
    1.7602185734052056e+21,
    1.7602185734052056e+21,
    1.7602185734052056e+21,
    1.7602185734052056e+21,
    1.7602185734052056e+21,
    1.7602185734052056e+21,
    0.0,
    1.7602185734052056e+21,
    0.0,
    1.7602185734052056e+21,
