{
  "LB": 2855.0,
  "UB": 2854.9999999999995,
  "gap_pct": -1.5928103358545153e-14,
  "x_LB": [
    [
      0,
      12
    ],
    [
      1,
      11
    ],
    [
      2,
      1
    ],
    [
      3,
      20
    ],
    [
      4,
      2
    ],
    [
      5,
      24
    ],
    [
      6,
      23
    ],
    [
      7,
      17
    ],
    [
      8,
      27
    ],
    [
      9,
      4
    ],
    [
      10,
      29
    ],
    [
      11,
      10
    ],
    [
      12,
      0
    ],
    [
      13,
      3
    ],
    [
      14,
      19
    ],
    [
      15,
      15
    ],
    [
      16,
      13
    ],
    [
      17,
      7
    ],
    [
      18,
      26
    ],
    [
      19,
      5
    ],
    [
      20,
      8
    ],
    [
      21,
      21
    ],
    [
      22,
      28
    ],
    [
      23,
      9
    ],
    [
      24,
      14
    ],
    [
      25,
      18
    ],
    [
      26,
      6
    ],
    [
      27,
      25
    ],
    [
      28,
      16
    ],
    [
      29,
      22
    ]
  ],
  "x_star_final": [
    [
      0,
      12
    ],
    [
      1,
      11
    ],
    [
      2,
      1
    ],
    [
      3,
      20
    ],
    [
      4,
      2
    ],
    [
      5,
      24
    ],
    [
      6,
      23
    ],
    [
      7,
      17
    ],
    [
      8,
      27
    ],
    [
      9,
      4
    ],
    [
      10,
      29
    ],
    [
      11,
      10
    ],
    [
      12,
      0
    ],
    [
      13,
      3
    ],
    [
      14,
      19
    ],
    [
      15,
      15
    ],
    [
      16,
      13
    ],
    [
      17,
      7
    ],
    [
      18,
      26
    ],
    [
      19,
      5
    ],
    [
      20,
      8
    ],
    [
      21,
      21
    ],
    [
      22,
      28
    ],
    [
      23,
      9
    ],
    [
      24,
      14
    ],
    [
      25,
      18
    ],
    [
      26,
      6
    ],
    [
      27,
      25
    ],
    [
      28,
      16
    ],
    [
      29,
      22
    ]
  ],
  "iterations": 3,
  "lambdas_final": [
    0.0,
    0.0,
    0.0,
    0.0,
    0.0,
    0.0,
    0.0,
    0.0,
    0.0,
    0.0,
    0.0,
    0.0,
    0.0,
    0.0,
    0.0,
    0.0,
    0.0,
    0.0,
    0.0,
    0.0,
    0.0,
    0.0,
    0.0,
    0.0,
    0.0,
    0.0,
    0.0,
    0.0,
    0.0,
    0.0,
    0.0,
    0.0,
    0.0,
    0.0,
    0.0,
    0.0,
    0.0,
    0.0,
    0.0,
    0.0,
    0.0,
    0.0,
    0.0,
    0.0,
    0.0,
    0.0,
    0.0,
    0.0,
    0.0,
    0.0,
    0.0,
    0.0,
    0.0,
    0.0,
    0.0,
    0.0,
    0.0,
    0.0,
    0.0,
    0.0,
    0.0,
    0.0,
    0.0,
    0.0,
    0.0,
    0.0,
    0.0,
    0.0,
    0.0,
    0.0,
    0.0,
    0.0,
    0.0,
    0.0,
    0.0,
    0.0,
    0.0,
    0.0,
    0.0,
    0.0,
    0.0,
    0.0,
    0.0,
    0.0,
    0.0,
    0.0,
    0.0,
    0.0,
    0.0,
    0.0,
    0.0,
    0.0,
    0.0,
    0.0,
    0.0,
    0.0,
    0.0,
    0.0,
    0.0,
    0.0,
    0.0,
    0.0,
    0.0,
    0.0,
    0.0,
    0.0,
    0.0,
    0.0,
    0.0,
    0.0,
    0.0,
    0.0,
    0.0,
    0.0,
    1.8119850187265933,
    1.8119850187265933,
    0.0,
    0.0,
    0.0,
    0.0,
    0.0,
    0.0,
    0.0,
    0.0,
    0.0,
    0.0,
    0.0,
    0.0,
    0.0,
    0.0,
    0.0,
    0.0,
    0.0,
    0.0,
    0.0,
    0.0,
    0.0,
    0.0,
    0.0,
    0.0,
    0.0,
    0.0,
    0.0,
    0.0,
    0.0,
    0.0,
    0.0,
    0.0,
    0.0,
    0.0,
    0.0,
    0.0,
    0.0,
    0.0,
    0.0,
    0.0,
    0.0,
    0.0,
    0.0,
    0.0,
    0.0,
    0.0,
    0.0,
    0.0,
    0.0,
    0.0,
    0.0,
    0.0,
    0.0,
    0.0,
    0.0,
    0.0,
    0.0,
    0.0,
    0.0,
    0.0,
    0.0,
    0.0,
    0.0,
    0.0,
    0.0,
    0.0,
    0.0,
    0.0,
    0.0,
    0.0,
    0.0,
    0.0,
    0.0
  ],
  "runtime_seconds": 0.0012052059173583984,
  "terminated_reason": "complementary_slackness"
}