{
  "LB": 0.0,
  "UB": 5.427254815338328e+24,
  "gap_pct": 5.427254815338327e+36,
  "x_LB": [
    [
      0,
      4
    ],
    [
      1,
      9
    ],
    [
      2,
      6
    ],
    [
      3,
      5
    ],
    [
      4,
      14
    ],
    [
      5,
      17
    ],
    [
      6,
      18
    ],
    [
      7,
      1
    ],
    [
      8,
      2
    ],
    [
      9,
      15
    ],
    [
      10,
      10
    ],
    [
      11,
      3
    ],
    [
      12,
      12
    ],
    [
      13,
      7
    ],
    [
      14,
      13
    ],
    [
      15,
      0
    ],
    [
      16,
      16
    ],
    [
      17,
      11
    ],
    [
      18,
      8
    ],
    [
      19,
      19
    ]
  ],
  "x_star_final": [
    [
      0,
      0
    ],
    [
      1,
      2
    ],
    [
      2,
      4
    ],
    [
      3,
      1
    ],
    [
      4,
      13
    ],
    [
      5,
      7
    ],
    [
      6,
      5
    ],
    [
      7,
      15
    ],
    [
      8,
      18
    ],
    [
      9,
      9
    ],
    [
      10,
      17
    ],
    [
      11,
      11
    ],
    [
      12,
      3
    ],
    [
      13,
      10
    ],
    [
      14,
      19
    ],
    [
      15,
      16
    ],
    [
      16,
      8
    ],
    [
      17,
      6
    ],
    [
      18,
      12
    ],
    [
      19,
      14
    ]
  ],
  "iterations": 100,
  "lambdas_final": [
    1.8654617698326117e+22,
    1.8654617698326117e+22,
    1.8654617698326117e+22,
    1.8654617698326117e+22,
    1.8654617698326117e+22,
    0.0,
    1.8654617698326117e+22,
    0.0,
    1.8654617698326117e+22,
    1.8654617698326117e+22,
    1.8654617698326117e+22,
    1.8654617698326117e+22,
    1.8654617698326117e+22,
    0.0,
    1.8654617698326117e+22,
    1.8654617698326117e+22,
    1.8654617698326117e+22,
    1.8654617698326117e+22,
    1.8654617698326117e+22,
    0.0,
    1.8654617698326117e+22,
    1.8654617698326117e+22,
    0.0,
    1.8654617698326117e+22,
    1.8654617698326117e+22,
    1.8654617698326117e+22,
    1.8654617698326117e+22,
    1.8654617698326117e+22,
    1.8654617698326117e+22,
    1.8654617698326117e+22,
    1.8654617698326117e+22,
    1.8654617698326117e+22,
    1.8654617698326117e+22,
    1.8654617698326117e+22,
    1.8654617698326117e+22,
    0.0,
    1.8654617698326117e+22,
    0.0,
    1.8654617698326117e+22,
    1.8654617698326117e+22,
    1.8654617698326117e+22,
    1.8654617698326117e+22,
    1.8654617698326117e+22,
    1.8654617698326117e+22,
    1.8654617698326117e+22,
    1.8654617698326117e+22,
    1.8654617698326117e+22,
    1.8654617698326117e+22,
    1.8654617698326117e+22,
    1.8654617698326117e+22,
    0.0,
    0.0,
    1.8654617698326117e+22,
    0.0,
    1.8654617698326117e+22,
    0.0,
    1.8654617698326117e+22,
    1.8654617698326117e+22,
    1.8654617698326117e+22,
    1.8654617698326117e+22,
    1.8654617698326117e+22,
    1.8654617698326117e+22,
    1.8654617698326117e+22,
    1.8654617698326117e+22,
    0.0,
    1.8654617698326117e+22,
    1.8654617698326117e+22,
    1.8654617698326117e+22,
    1.8654617698326117e+22,
    1.8654617698326117e+22,
    0.0,
    1.8654617698326117e+22,
    1.8654617698326117e+22,
    1.8654617698326117e+22,
    1.8654617698326117e+22,
    0.0,
    1.8654617698326117e+22,
    0.0,
    1.8654617698326117e+22,
    1.8654617698326117e+22,
    1.8654617698326117e+22,
    0.0,
    1.8654617698326117e+22,
    1.8654617698326117e+22,
    1.8654617698326117e+22,
    1.8654617698326117e+22,
    0.0,
    1.8654617698326117e+22,
    0.0,
    1.8654617698326117e+22,
    1.8654617698326117e+22,
    1.8654617698326117e+22,
    1.8654617698326117e+22,
    1.8654617698326117e+22,
    1.8654617698326117e+22,
    1.8654617698326117e+22,
    1.8654617698326117e+22,
    1.8654617698326117e+22,
    1.8654617698326117e+22,
    1.8654617698326117e+22,
    1.8654617698326117e+22,
    1.8654617698326117e+22,
    1.8654617698326117e+22,
    1.8654617698326117e+22,
    1.8654617698326117e+22,
    1.8654617698326117e+22,
    1.8654617698326117e+22,
    1.8654617698326117e+22,
    1.8654617698326117e+22,
    1.8654617698326117e+22,
    1.8654617698326117e+22,
    1.8654617698326117e+22,
    1.8654617698326117e+22,
    1.8654617698326117e+22,
    1.8654617698326117e+22,
    1.8654617698326117e+22,
    1.8654617698326117e+22,
    1.8654617698326117e+22,
    1.8654617698326117e+22,
    1.8654617698326117e+22,
    1.8654617698326117e+22,
    1.8654617698326117e+22,
    1.8654617698326117e+22,
    1.8654617698326117e+22,
    1.8654617698326117e+22,
    0.0,
    1.8654617698326117e+22,
    1.8654617698326117e+22,
    1.8654617698326117e+22,
    0.0,
    1.8654617698326117e+22,
    1.8654617698326117e+22,
    1.8654617698326117e+22,
    1.8654617698326117e+22,
    1.8654617698326117e+22,
    0.0,
    1.8654617698326117e+22,
    1.8654617698326117e+22,
    1.8654617698326117e+22,
    1.8654617698326117e+22,
    1.8654617698326117e+22,
    0.0,
    1.8654617698326117e+22,
    1.8654617698326117e+22,
    1.8654617698326117e+22,
    1.8654617698326117e+22,
    1.8654617698326117e+22,
    1.8654617698326117e+22,
    1.8654617698326117e+22,
    1.8654617698326117e+22,
    1.8654617698326117e+22,
    1.8654617698326117e+22,
    1.8654617698326117e+22,
    1.8654617698326117e+22,
    1.8654617698326117e+22,
    1.8654617698326117e+22,
    1.8654617698326117e+22,
    1.8654617698326117e+22,
    1.8654617698326117e+22,
    1.8654617698326117e+22,
    1.8654617698326117e+22,
    1.8654617698326117e+22,
    1.8654617698326117e+22,
    1.8654617698326117e+22,
    1.8654617698326117e+22,
    1.8654617698326117e+22,
    1.8654617698326117e+22,
    1.8654617698326117e+22,
    1.8654617698326117e+22,
    1.8654617698326117e+22,
    1.8654617698326117e+22,
    1.8654617698326117e+22,
    1.8654617698326117e+22,
    1.8654617698326117e+22,
    1.8654617698326117e+22,
    1.8654617698326117e+22,
    0.0,
    1.8654617698326117e+22,
    1.8654617698326117e+22,
    1.8654617698326117e+22,
    1.8654617698326117e+22,
    1.8654617698326117e+22,
    1.8654617698326117e+22,
    0.0,
    1.8654617698326117e+22,
    1.8654617698326117e+22,
    1.8654617698326117e+22,
    1.8654617698326117e+22,
    1.8654617698326117e+22,
    1.8654617698326117e+22,
    1.8654617698326117e+22,
    1.8654617698326117e+22,
    1.8654617698326117e+22,
    1.8654617698326117e+22,
    1.8654617698326117e+22,
    1.8654617698326117e+22,
    1.8654617698326117e+22,
    1.8654617698326117e+22,
    0.0,
    1.8654617698326117e+22,
    1.8654617698326117e+22,
    1.8654617698326117e+22,
    1.8654617698326117e+22,
    1.8654617698326117e+22,
    0.0,
    1.8654617698326117e+22,
    0.0,
    1.8654617698326117e+22,
    1.8654617698326117e+22,
    1.8654617698326117e+22,
    1.8654617698326117e+22,
    1.8654617698326117e+22,
    0.0,
    1.8654617698326117e+22,
    0.0,
    1.8654617698326117e+22,
    1.8654617698326117e+22,
    1.8654617698326117e+22,
    0.0,
    1.8654617698326117e+22,
    0.0,
    1.8654617698326117e+22,
    1.8654617698326117e+22,
    1.8654617698326117e+22,
    0.0,
    0.0,
    1.8654617698326117e+22,
    1.8654617698326117e+22,
    0.0,
    1.8654617698326117e+22,
    1.8654617698326117e+22,
    1.8654617698326117e+22,
    1.8654617698326117e+22,
    1.8654617698326117e+22,
    1.8654617698326117e+22,
    1.8654617698326117e+22,
    1.8654617698326117e+22,
    1.8654617698326117e+22,
    0.0,
    0.0,
    1.8654617698326117e+22,
    1.8654617698326117e+22,
    1.8654617698326117e+22,
    1.8654617698326117e+22,
    1.8654617698326117e+22,
    1.8654617698326117e+22,
    1.8654617698326117e+22,
    1.8654617698326117e+22,
    1.8654617698326117e+22,
    1.8654617698326117e+22,
    1.8654617698326117e+22,
    0.0,
    1.8654617698326117e+22,
    1.8654617698326117e+22,
    0.0,
    0.0,
    1.8654617698326117e+22,
    0.0,
    1.8654617698326117e+22,
    1.8654617698326117e+22,
    1.8654617698326117e+22,
    1.8654617698326117e+22,
