{
  "LB": 797.0,
  "UB": 831.0000000071695,
  "gap_pct": 4.265997491489278,
  "x_LB": [
    [
      0,
      4
    ],
    [
      1,
      1
    ],
    [
      2,
      0
    ],
    [
      3,
      7
    ],
    [
      4,
      8
    ],
    [
      5,
      2
    ],
    [
      6,
      6
    ],
    [
      7,
      5
    ],
    [
      8,
      3
    ],
    [
      9,
      9
    ]
  ],
  "x_star_final": [
    [
      0,
      4
    ],
    [
      1,
      1
    ],
    [
      2,
      0
    ],
    [
      3,
      7
    ],
    [
      4,
      8
    ],
    [
      5,
      2
    ],
    [
      6,
      6
    ],
    [
      7,
      5
    ],
    [
      8,
      3
    ],
    [
      9,
      9
    ]
  ],
  "iterations": 500,
  "lambdas_final": [
    0.0,
    0.0,
    0.0,
    0.0,
    0.0,
    0.0,
    0.0,
    0.0,
    0.0,
    0.0,
    0.0,
    0.0,
    0.0,
    0.0,
    0.0,
    0.0,
    0.0,
    0.0,
    0.0,
    0.0,
    0.0,
    0.0,
    0.0,
    0.0,
    0.0,
    0.0,
    0.0,
    0.0,
    0.0,
    0.0,
    0.0,
    0.0,
    0.0,
    0.0,
    0.0,
    0.0,
    0.0,
    0.0,
    0.0,
    0.0,
    0.0,
    0.0,
    0.0,
    0.0,
    0.0,
    0.0,
    0.0,
    0.0,
    0.0,
    0.0,
    0.0,
    0.0,
    0.0,
    0.0,
    0.0,
    0.0,
    0.0,
    0.0,
    0.0,
    0.0,
    0.0,
    0.0,
    0.0,
    0.0,
    0.0,
    0.0,
    0.0,
    0.0,
    0.0,
    0.0,
    0.0,
    0.0,
    0.0,
    0.0,
    0.0,
    0.0,
    33.999999940724976,
    0.0,
    0.0,
    0.0
  ],
  "runtime_seconds": 0.02348494529724121,
  "terminated_reason": "iteration_limit"
}