{
  "LB": 873.0,
  "UB": 880.4132801437459,
  "gap_pct": 0.8491729832469473,
  "x_LB": [
    [
      0,
      3
    ],
    [
      1,
      7
    ],
    [
      2,
      2
    ],
    [
      3,
      8
    ],
    [
      4,
      6
    ],
    [
      5,
      1
    ],
    [
      6,
      5
    ],
    [
      7,
      4
    ],
    [
      8,
      9
    ],
    [
      9,
      0
    ]
  ],
  "x_star_final": [
    [
      0,
      3
    ],
    [
      1,
      7
    ],
    [
      2,
      2
    ],
    [
      3,
      8
    ],
    [
      4,
      6
    ],
    [
      5,
      1
    ],
    [
      6,
      5
    ],
    [
      7,
      4
    ],
    [
      8,
      9
    ],
    [
      9,
      0
    ]
  ],
  "iterations": 500,
  "lambdas_final": [
    0.0,
    0.0,
    0.0,
    0.0,
    0.0,
    0.0,
    0.0,
    0.0,
    0.0,
    0.0,
    0.0,
    0.0,
    0.0,
    0.0,
    0.0,
    0.0,
    0.0,
    0.0,
    0.0,
    0.0,
    0.0,
    0.0,
    0.0,
    0.0,
    27.323076923076922,
    0.0,
    0.0,
    0.0,
    0.0,
    0.0,
    0.0,
    0.0,
    0.0,
    0.0,
    0.0,
    0.0,
    0.0,
    7.413280129492138,
    0.0,
    0.0,
    0.0,
    0.0,
    0.0,
    0.0,
    0.0,
    0.0,
    0.0,
    0.0,
    0.0,
    0.0,
    0.0,
    0.0,
    0.0,
    0.0,
    0.0,
    0.0,
    0.0,
    0.0,
    0.0,
    0.0,
    0.0,
    0.0,
    0.0,
    0.0,
    0.0,
    0.0,
    0.0,
    0.0,
    0.0,
    0.0,
    0.0,
    0.0,
    0.0,
    0.0,
    0.0,
    0.0,
    0.0,
    0.0,
    0.0,
    0.0
  ],
  "runtime_seconds": 0.009296417236328125,
  "terminated_reason": "iteration_limit"
}