{
  "LB": 0.0,
  "UB": 2.4887753135484154e+24,
  "gap_pct": 2.4887753135484154e+36,
  "x_LB": [
    [
      0,
      5
    ],
    [
      1,
      2
    ],
    [
      2,
      7
    ],
    [
      3,
      1
    ],
    [
      4,
      8
    ],
    [
      5,
      4
    ],
    [
      6,
      3
    ],
    [
      7,
      6
    ],
    [
      8,
      0
    ],
    [
      9,
      9
    ]
  ],
  "x_star_final": [
    [
      0,
      4
    ],
    [
      1,
      6
    ],
    [
      2,
      8
    ],
    [
      3,
      2
    ],
    [
      4,
      1
    ],
    [
      5,
      3
    ],
    [
      6,
      9
    ],
    [
      7,
      5
    ],
    [
      8,
      7
    ],
    [
      9,
      0
    ]
  ],
  "iterations": 100,
  "lambdas_final": [
    1.592405025758063e+22,
    1.592405025758063e+22,
    1.592405025758063e+22,
    1.592405025758063e+22,
    1.592405025758063e+22,
    1.592405025758063e+22,
    1.592405025758063e+22,
    1.592405025758063e+22,
    1.592405025758063e+22,
    1.592405025758063e+22,
    1.592405025758063e+22,
    1.592405025758063e+22,
    1.592405025758063e+22,
    1.592405025758063e+22,
    1.592405025758063e+22,
    1.592405025758063e+22,
    1.592405025758063e+22,
    1.592405025758063e+22,
    1.592405025758063e+22,
    1.592405025758063e+22,
    1.592405025758063e+22,
    1.592405025758063e+22,
    1.592405025758063e+22,
    1.592405025758063e+22,
    1.592405025758063e+22,
    1.592405025758063e+22,
    1.592405025758063e+22,
    1.592405025758063e+22,
    1.592405025758063e+22,
    1.592405025758063e+22,
    0.0,
    1.592405025758063e+22,
    1.592405025758063e+22,
    1.592405025758063e+22,
    1.592405025758063e+22,
    1.592405025758063e+22,
    1.592405025758063e+22,
    1.592405025758063e+22,
    0.0,
    1.592405025758063e+22,
    1.592405025758063e+22,
    1.592405025758063e+22,
    1.592405025758063e+22,
    0.0,
    1.592405025758063e+22,
    1.592405025758063e+22,
    1.592405025758063e+22,
    0.0,
    0.0,
    0.0,
    1.592405025758063e+22,
    1.592405025758063e+22,
    1.592405025758063e+22,
    1.592405025758063e+22,
    1.592405025758063e+22,
    0.0,
    0.0,
    0.0,
    1.592405025758063e+22,
    1.592405025758063e+22,
    1.592405025758063e+22,
    1.592405025758063e+22,
    1.592405025758063e+22,
    1.592405025758063e+22,
    1.592405025758063e+22,
    1.592405025758063e+22,
    0.0,
    1.592405025758063e+22,
    0.0,
    1.592405025758063e+22,
    1.592405025758063e+22,
    1.592405025758063e+22,
    1.592405025758063e+22,
    1.592405025758063e+22,
    1.592405025758063e+22,
    0.0,
    0.0,
    1.592405025758063e+22,
    1.592405025758063e+22,
    1.592405025758063e+22,
    1.592405025758063e+22,
    1.592405025758063e+22,
    1.592405025758063e+22,
    0.0,
    0.0,
    1.592405025758063e+22,
    1.592405025758063e+22,
    0.0,
    1.592405025758063e+22,
    1.592405025758063e+22,
    1.592405025758063e+22,
    1.592405025758063e+22,
    1.592405025758063e+22,
    1.592405025758063e+22,
    1.592405025758063e+22,
    1.592405025758063e+22,
    0.0,
    1.592405025758063e+22,
    1.592405025758063e+22,
    1.592405025758063e+22,
    1.592405025758063e+22,
    1.592405025758063e+22,
    1.592405025758063e+22,
    1.592405025758063e+22,
    1.592405025758063e+22,
    1.592405025758063e+22,
    1.592405025758063e+22,
    1.592405025758063e+22,
    1.592405025758063e+22,
    0.0,
    1.592405025758063e+22,
    1.592405025758063e+22,
    1.592405025758063e+22,
    1.592405025758063e+22,
    1.592405025758063e+22,
    1.592405025758063e+22,
    1.592405025758063e+22,
    1.592405025758063e+22,
    0.0,
    1.592405025758063e+22,
    1.592405025758063e+22,
    1.592405025758063e+22,
    1.592405025758063e+22,
    1.592405025758063e+22,
    1.592405025758063e+22,
    1.592405025758063e+22,
    1.592405025758063e+22,
    1.592405025758063e+22,
    1.592405025758063e+22,
    1.592405025758063e+22,
    1.592405025758063e+22,
    1.592405025758063e+22,
    1.592405025758063e+22,
    1.592405025758063e+22,
    1.592405025758063e+22,
    1.592405025758063e+22,
    0.0,
    1.592405025758063e+22,
    1.592405025758063e+22,
    0.0,
    1.592405025758063e+22,
    0.0,
    0.0,
    1.592405025758063e+22,
    1.592405025758063e+22,
    1.592405025758063e+22,
    1.592405025758063e+22,
    1.592405025758063e+22,
    1.592405025758063e+22,
    0.0,
    0.0,
    1.592405025758063e+22,
    1.592405025758063e+22,
    1.592405025758063e+22,
    1.592405025758063e+22,
    0.0,
    1.592405025758063e+22,
    1.592405025758063e+22,
    1.592405025758063e+22,
    0.0,
    0.0,
    1.592405025758063e+22,
    1.592405025758063e+22,
    1.592405025758063e+22,
    1.592405025758063e+22,
    1.592405025758063e+22,
    1.592405025758063e+22,
    1.592405025758063e+22,
    1.592405025758063e+22,
    1.592405025758063e+22,
    1.592405025758063e+22,
    0.0,
    1.592405025758063e+22,
    1.592405025758063e+22,
    1.592405025758063e+22,
    1.592405025758063e+22,
    1.592405025758063e+22,
    0.0,
    1.592405025758063e+22,
    0.0,
    1.592405025758063e+22,
    1.592405025758063e+22,
    1.592405025758063e+22,
    1.592405025758063e+22,
    1.592405025758063e+22,
    1.592405025758063e+22,
    1.592405025758063e+22,
    1.592405025758063e+22,
    1.592405025758063e+22,
    1.592405025758063e+22,
    1.592405025758063e+22,
    0.0,
    0.0,
    1.592405025758063e+22,
    1.592405025758063e+22,
    1.592405025758063e+22,
    1.592405025758063e+22,
    0.0,
    1.592405025758063e+22,
    1.592405025758063e+22
  ],
  "runtime_seconds": 0.01568889617919922,
  "terminated_reason": "iteration_limit"
}