{
  "LB": 796.0,
  "UB": 796.0,
  "gap_pct": 0.0,
  "x_LB": [
    [
      0,
      2
    ],
    [
      1,
      4
    ],
    [
      2,
      0
    ],
    [
      3,
      8
    ],
    [
      4,
      5
    ],
    [
      5,
      3
    ],
    [
      6,
      9
    ],
    [
      7,
      6
    ],
    [
      8,
      7
    ],
    [
      9,
      1
    ]
  ],
  "x_star_final": [
    [
      0,
      2
    ],
    [
      1,
      4
    ],
    [
      2,
      0
    ],
    [
      3,
      8
    ],
    [
      4,
      5
    ],
    [
      5,
      3
    ],
    [
      6,
      9
    ],
    [
      7,
      6
    ],
    [
      8,
      7
    ],
    [
      9,
      1
    ]
  ],
  "iterations": 97,
  "lambdas_final": [
    0.0,
    0.0,
    0.0,
    0.0,
    0.0,
    0.0,
    0.0,
    0.0,
    9.012712912351205,
    0.0,
    0.0,
    0.0,
    0.0,
    0.0,
    4.989794715028595,
    0.0,
    0.0,
    0.0,
    0.0,
    0.0,
    0.0,
    0.0,
    0.0,
    0.0,
    0.0,
    0.0,
    0.0,
    0.0,
    0.0,
    0.0,
    0.0,
    0.0,
    0.0,
    0.0,
    0.0,
    0.0,
    0.0,
    0.0,
    0.0,
    0.0
  ],
  "runtime_seconds": 0.0029604434967041016,
  "terminated_reason": "complementary_slackness"
}