{
  "LB": 0.0,
  "UB": 1.7507534535740668e+24,
  "gap_pct": 1.7507534535740666e+36,
  "x_LB": [
    [
      0,
      9
    ],
    [
      1,
      8
    ],
    [
      2,
      3
    ],
    [
      3,
      2
    ],
    [
      4,
      0
    ],
    [
      5,
      6
    ],
    [
      6,
      1
    ],
    [
      7,
      4
    ],
    [
      8,
      5
    ],
    [
      9,
      7
    ]
  ],
  "x_star_final": [
    [
      0,
      0
    ],
    [
      1,
      9
    ],
    [
      2,
      7
    ],
    [
      3,
      5
    ],
    [
      4,
      8
    ],
    [
      5,
      2
    ],
    [
      6,
      6
    ],
    [
      7,
      1
    ],
    [
      8,
      3
    ],
    [
      9,
      4
    ]
  ],
  "iterations": 100,
  "lambdas_final": [
    0.0,
    3.2040016081261234e+22,
    3.2040016081261234e+22,
    3.2040016081261234e+22,
    3.2040016081261234e+22,
    3.2040016081261234e+22,
    3.2040016081261234e+22,
    3.2040016081261234e+22,
    3.2040016081261234e+22,
    0.0,
    3.2040016081261234e+22,
    3.2040016081261234e+22,
    3.2040016081261234e+22,
    0.0,
    3.2040016081261234e+22,
    3.2040016081261234e+22,
    3.2040016081261234e+22,
    0.0,
    0.0,
    3.2040016081261234e+22,
    3.2040016081261234e+22,
    3.2040016081261234e+22,
    3.2040016081261234e+22,
    3.2040016081261234e+22,
    3.2040016081261234e+22,
    0.0,
    3.2040016081261234e+22,
    0.0,
    3.2040016081261234e+22,
    0.0,
    0.0,
    3.2040016081261234e+22,
    3.2040016081261234e+22,
    0.0,
    0.0,
    3.2040016081261234e+22,
    0.0,
    3.2040016081261234e+22,
    3.2040016081261234e+22,
    3.2040016081261234e+22,
    3.2040016081261234e+22,
    3.2040016081261234e+22,
    3.2040016081261234e+22,
    3.2040016081261234e+22,
    0.0,
    3.2040016081261234e+22,
    3.2040016081261234e+22,
    3.2040016081261234e+22,
    0.0,
    3.2040016081261234e+22,
    3.2040016081261234e+22,
    3.2040016081261234e+22,
    3.2040016081261234e+22,
    3.2040016081261234e+22,
    3.2040016081261234e+22,
    3.2040016081261234e+22,
    3.2040016081261234e+22,
    0.0,
    0.0,
    3.2040016081261234e+22,
    3.2040016081261234e+22,
    3.2040016081261234e+22,
    0.0,
    3.2040016081261234e+22,
    3.2040016081261234e+22,
    3.2040016081261234e+22,
    3.2040016081261234e+22,
    0.0,
    3.2040016081261234e+22,
    3.2040016081261234e+22,
    3.2040016081261234e+22,
    0.0,
    3.2040016081261234e+22,
    3.2040016081261234e+22,
    0.0,
    0.0,
    0.0,
    3.2040016081261234e+22,
    3.2040016081261234e+22,
    3.2040016081261234e+22
  ],
  "runtime_seconds": 0.012311220169067383,
  "terminated_reason": "iteration_limit"
}