{
  "LB": 680.0,
  "UB": 4.103583505800229e+23,
  "gap_pct": 6.0346816261768075e+22,
  "x_LB": [
    [
      0,
      2
    ],
    [
      1,
      4
    ],
    [
      2,
      7
    ],
    [
      3,
      1
    ],
    [
      4,
      5
    ],
    [
      5,
      3
    ],
    [
      6,
      9
    ],
    [
      7,
      0
    ],
    [
      8,
      6
    ],
    [
      9,
      8
    ]
  ],
  "x_star_final": [
    [
      0,
      2
    ],
    [
      1,
      4
    ],
    [
      2,
      7
    ],
    [
      3,
      8
    ],
    [
      4,
      5
    ],
    [
      5,
      3
    ],
    [
      6,
      9
    ],
    [
      7,
      0
    ],
    [
      8,
      6
    ],
    [
      9,
      1
    ]
  ],
  "iterations": 100,
  "lambdas_final": [
    7.189043073608357e+21,
    7.189043073608357e+21,
    7.189043073608357e+21,
    7.189043073608357e+21,
    7.189043073608357e+21,
    7.189043073608357e+21,
    7.189043073608357e+21,
    0.0,
    0.0,
    7.189043073608357e+21,
    7.189043073608357e+21,
    7.189043073608357e+21,
    7.189043073608357e+21,
    7.189043073608357e+21,
    0.0,
    7.189043073608357e+21,
    7.189043073608357e+21,
    7.189043073608357e+21,
    7.189043073608357e+21,
    7.189043073608357e+21,
    7.189043073608357e+21,
    7.189043073608357e+21,
    7.189043073608357e+21,
    7.189043073608357e+21,
    7.189043073608357e+21,
    7.189043073608357e+21,
    7.189043073608357e+21,
    7.189043073608357e+21,
    7.189043073608357e+21,
    7.189043073608357e+21,
    7.189043073608357e+21,
    7.189043073608357e+21,
    7.189043073608357e+21,
    7.189043073608357e+21,
    7.189043073608357e+21,
    7.189043073608357e+21,
    7.189043073608357e+21,
    7.189043073608357e+21,
    7.189043073608357e+21,
    7.189043073608357e+21,
    7.189043073608357e+21,
    7.189043073608357e+21,
    7.189043073608357e+21,
    0.0,
    7.189043073608357e+21,
    0.0,
    7.189043073608357e+21,
    7.189043073608357e+21,
    7.189043073608357e+21,
    7.189043073608357e+21,
    0.0,
    7.189043073608357e+21,
    7.189043073608357e+21,
    7.189043073608357e+21,
    0.0,
    7.189043073608357e+21,
    0.0,
    7.189043073608357e+21,
    0.0,
    0.0,
    7.189043073608357e+21,
    0.0,
    0.0,
    7.189043073608357e+21,
    7.189043073608357e+21,
    7.189043073608357e+21,
    0.0,
    7.189043073608357e+21,
    7.189043073608357e+21,
    0.0,
    7.189043073608357e+21,
    7.189043073608357e+21,
    0.0,
    7.189043073608357e+21,
    0.0,
    7.189043073608357e+21,
    7.189043073608357e+21,
    7.189043073608357e+21,
    7.189043073608357e+21,
    7.189043073608357e+21
  ],
  "runtime_seconds": 0.009037971496582031,
  "terminated_reason": "iteration_limit"
}