{
  "LB": 0.0,
  "UB": 1.7853891198456448e+24,
  "gap_pct": 1.7853891198456445e+36,
  "x_LB": [
    [
      0,
      2
    ],
    [
      1,
      3
    ],
    [
      2,
      1
    ],
    [
      3,
      0
    ],
    [
      4,
      8
    ],
    [
      5,
      7
    ],
    [
      6,
      6
    ],
    [
      7,
      5
    ],
    [
      8,
      4
    ],
    [
      9,
      9
    ]
  ],
  "x_star_final": [
    [
      0,
      0
    ],
    [
      1,
      7
    ],
    [
      2,
      3
    ],
    [
      3,
      1
    ],
    [
      4,
      2
    ],
    [
      5,
      5
    ],
    [
      6,
      4
    ],
    [
      7,
      8
    ],
    [
      8,
      9
    ],
    [
      9,
      6
    ]
  ],
  "iterations": 100,
  "lambdas_final": [
    2.8288581450583295e+22,
    2.8288581450583295e+22,
    2.8288581450583295e+22,
    2.8288581450583295e+22,
    2.8288581450583295e+22,
    2.8288581450583295e+22,
    2.8288581450583295e+22,
    2.8288581450583295e+22,
    2.8288581450583295e+22,
    2.8288581450583295e+22,
    0.0,
    2.8288581450583295e+22,
    2.8288581450583295e+22,
    2.8288581450583295e+22,
    0.0,
    2.8288581450583295e+22,
    2.8288581450583295e+22,
    2.8288581450583295e+22,
    2.8288581450583295e+22,
    2.8288581450583295e+22,
    2.8288581450583295e+22,
    2.8288581450583295e+22,
    2.8288581450583295e+22,
    2.8288581450583295e+22,
    2.8288581450583295e+22,
    2.8288581450583295e+22,
    2.8288581450583295e+22,
    2.8288581450583295e+22,
    2.8288581450583295e+22,
    2.8288581450583295e+22,
    2.8288581450583295e+22,
    0.0,
    0.0,
    2.8288581450583295e+22,
    0.0,
    2.8288581450583295e+22,
    0.0,
    0.0,
    2.8288581450583295e+22,
    2.8288581450583295e+22,
    2.8288581450583295e+22,
    2.8288581450583295e+22,
    2.8288581450583295e+22,
    2.8288581450583295e+22,
    2.8288581450583295e+22,
    2.8288581450583295e+22,
    2.8288581450583295e+22,
    2.8288581450583295e+22,
    2.8288581450583295e+22,
    0.0,
    0.0,
    0.0,
    2.8288581450583295e+22,
    2.8288581450583295e+22,
    2.8288581450583295e+22,
    2.8288581450583295e+22,
    2.8288581450583295e+22,
    2.8288581450583295e+22,
    2.8288581450583295e+22,
    2.8288581450583295e+22,
    2.8288581450583295e+22,
    2.8288581450583295e+22,
    2.8288581450583295e+22,
    2.8288581450583295e+22,
    2.8288581450583295e+22,
    2.8288581450583295e+22,
    0.0,
    2.8288581450583295e+22,
    2.8288581450583295e+22,
    2.8288581450583295e+22,
    2.8288581450583295e+22,
    0.0,
    2.8288581450583295e+22,
    2.8288581450583295e+22,
    2.8288581450583295e+22,
    2.8288581450583295e+22,
    0.0,
    2.8288581450583295e+22,
    2.8288581450583295e+22,
    2.8288581450583295e+22
  ],
  "runtime_seconds": 0.009453535079956055,
  "terminated_reason": "iteration_limit"
}