{
  "LB": 0.0,
  "UB": 6.49418852431078e+24,
  "gap_pct": 6.494188524310781e+36,
  "x_LB": [
    [
      0,
      4
    ],
    [
      1,
      26
    ],
    [
      2,
      13
    ],
    [
      3,
      2
    ],
    [
      4,
      10
    ],
    [
      5,
      9
    ],
    [
      6,
      29
    ],
    [
      7,
      24
    ],
    [
      8,
      12
    ],
    [
      9,
      17
    ],
    [
      10,
      28
    ],
    [
      11,
      6
    ],
    [
      12,
      15
    ],
    [
      13,
      18
    ],
    [
      14,
      21
    ],
    [
      15,
      3
    ],
    [
      16,
      5
    ],
    [
      17,
      1
    ],
    [
      18,
      7
    ],
    [
      19,
      14
    ],
    [
      20,
      0
    ],
    [
      21,
      16
    ],
    [
      22,
      20
    ],
    [
      23,
      27
    ],
    [
      24,
      22
    ],
    [
      25,
      25
    ],
    [
      26,
      11
    ],
    [
      27,
      23
    ],
    [
      28,
      8
    ],
    [
      29,
      19
    ]
  ],
  "x_star_final": [
    [
      0,
      0
    ],
    [
      1,
      25
    ],
    [
      2,
      6
    ],
    [
      3,
      17
    ],
    [
      4,
      21
    ],
    [
      5,
      16
    ],
    [
      6,
      7
    ],
    [
      7,
      10
    ],
    [
      8,
      14
    ],
    [
      9,
      29
    ],
    [
      10,
      11
    ],
    [
      11,
      18
    ],
    [
      12,
      5
    ],
    [
      13,
      4
    ],
    [
      14,
      15
    ],
    [
      15,
      8
    ],
    [
      16,
      9
    ],
    [
      17,
      24
    ],
    [
      18,
      23
    ],
    [
      19,
      26
    ],
    [
      20,
      28
    ],
    [
      21,
      22
    ],
    [
      22,
      13
    ],
    [
      23,
      12
    ],
    [
      24,
      1
    ],
    [
      25,
      27
    ],
    [
      26,
      2
    ],
    [
      27,
      3
    ],
    [
      28,
      19
    ],
    [
      29,
      20
    ]
  ],
  "iterations": 100,
  "lambdas_final": [
    9.575715575229937e+22,
    9.575715575229937e+22,
    9.575715575229937e+22,
    9.575715575229937e+22,
    9.575715575229937e+22,
    9.575715575229937e+22,
    9.575715575229937e+22,
    9.575715575229937e+22,
    9.575715575229937e+22,
    9.575715575229937e+22,
    9.575715575229937e+22,
    9.575715575229937e+22,
    9.575715575229937e+22,
    9.575715575229937e+22,
    9.575715575229937e+22,
    9.575715575229937e+22,
    9.575715575229937e+22,
    9.575715575229937e+22,
    9.575715575229937e+22,
    0.0,
    9.575715575229937e+22,
    9.575715575229937e+22,
    9.575715575229937e+22,
    9.575715575229937e+22,
    9.575715575229937e+22,
    9.575715575229937e+22,
    9.575715575229937e+22,
    9.575715575229937e+22,
    9.575715575229937e+22,
    9.575715575229937e+22,
    9.575715575229937e+22,
    9.575715575229937e+22,
    9.575715575229937e+22,
    9.575715575229937e+22,
    9.575715575229937e+22,
    9.575715575229937e+22,
    9.575715575229937e+22,
    9.575715575229937e+22,
    9.575715575229937e+22,
    9.575715575229937e+22,
    9.575715575229937e+22,
    9.575715575229937e+22,
    9.575715575229937e+22,
    9.575715575229937e+22,
    0.0,
    9.575715575229937e+22,
    9.575715575229937e+22,
    9.575715575229937e+22,
    9.575715575229937e+22,
    9.575715575229937e+22,
    9.575715575229937e+22,
    0.0,
    9.575715575229937e+22,
    9.575715575229937e+22,
    9.575715575229937e+22,
    9.575715575229937e+22,
    9.575715575229937e+22,
    9.575715575229937e+22,
    9.575715575229937e+22,
    9.575715575229937e+22,
    9.575715575229937e+22,
    9.575715575229937e+22,
    9.575715575229937e+22,
    9.575715575229937e+22,
    9.575715575229937e+22,
    9.575715575229937e+22,
    9.575715575229937e+22,
    9.575715575229937e+22,
    9.575715575229937e+22,
    9.575715575229937e+22,
    9.575715575229937e+22,
    9.575715575229937e+22,
    9.575715575229937e+22,
    0.0,
    9.575715575229937e+22,
    9.575715575229937e+22
  ],
  "runtime_seconds": 0.02415752410888672,
  "terminated_reason": "iteration_limit"
}