{
  "LB": 861.0,
  "UB": 861.0,
  "gap_pct": 0.0,
  "x_LB": [
    [
      0,
      6
    ],
    [
      1,
      1
    ],
    [
      2,
      8
    ],
    [
      3,
      7
    ],
    [
      4,
      5
    ],
    [
      5,
      2
    ],
    [
      6,
      4
    ],
    [
      7,
      9
    ],
    [
      8,
      0
    ],
    [
      9,
      3
    ]
  ],
  "x_star_final": [
    [
      0,
      6
    ],
    [
      1,
      1
    ],
    [
      2,
      8
    ],
    [
      3,
      7
    ],
    [
      4,
      5
    ],
    [
      5,
      2
    ],
    [
      6,
      4
    ],
    [
      7,
      9
    ],
    [
      8,
      0
    ],
    [
      9,
      3
    ]
  ],
  "iterations": 26,
  "lambdas_final": [
    0.0,
    0.0,
    14.090631245185095,
    0.0,
    0.0,
    0.0,
    0.0,
    0.0,
    0.0,
    0.0,
    0.0,
    0.0,
    0.0,
    0.0,
    0.0,
    0.0,
    0.0,
    0.0,
    0.0,
    0.0,
    0.0,
    0.0,
    0.0,
    0.0,
    0.0,
    0.0,
    0.0,
    0.0,
    0.0,
    0.0,
    0.0,
    0.0,
    0.0,
    0.0,
    0.0,
    0.0,
    0.0,
    0.0,
    0.0,
    0.0,
    0.0,
    0.0,
    0.0,
    0.0,
    0.0,
    0.0,
    0.0,
    0.0,
    0.0,
    0.0,
    1.0069120992891047,
    0.0,
    0.0,
    0.0,
    0.0,
    0.0,
    0.0,
    0.0,
    0.0,
    14.048894281069595,
    0.0,
    0.0,
    0.0,
    0.0,
    0.0,
    0.0,
    0.0,
    0.0,
    0.0,
    0.0,
    0.0,
    0.0,
    0.0,
    0.0,
    0.0,
    0.0,
    0.0,
    0.0,
    0.0,
    0.0
  ],
  "runtime_seconds": 0.0022497177124023438,
  "terminated_reason": "complementary_slackness"
}