{
  "LB": 0.0,
  "UB": 6.512958477738998e+24,
  "gap_pct": 6.512958477738998e+36,
  "x_LB": [
    [
      0,
      7
    ],
    [
      1,
      6
    ],
    [
      2,
      17
    ],
    [
      3,
      8
    ],
    [
      4,
      19
    ],
    [
      5,
      15
    ],
    [
      6,
      13
    ],
    [
      7,
      0
    ],
    [
      8,
      3
    ],
    [
      9,
      9
    ],
    [
      10,
      14
    ],
    [
      11,
      4
    ],
    [
      12,
      10
    ],
    [
      13,
      12
    ],
    [
      14,
      16
    ],
    [
      15,
      5
    ],
    [
      16,
      11
    ],
    [
      17,
      18
    ],
    [
      18,
      2
    ],
    [
      19,
      1
    ]
  ],
  "x_star_final": [
    [
      0,
      16
    ],
    [
      1,
      17
    ],
    [
      2,
      19
    ],
    [
      3,
      15
    ],
    [
      4,
      2
    ],
    [
      5,
      0
    ],
    [
      6,
      14
    ],
    [
      7,
      3
    ],
    [
      8,
      8
    ],
    [
      9,
      1
    ],
    [
      10,
      10
    ],
    [
      11,
      13
    ],
    [
      12,
      11
    ],
    [
      13,
      9
    ],
    [
      14,
      18
    ],
    [
      15,
      4
    ],
    [
      16,
      7
    ],
    [
      17,
      12
    ],
    [
      18,
      6
    ],
    [
      19,
      5
    ]
  ],
  "iterations": 100,
  "lambdas_final": [
    1.0983132190059316e+22,
    0.0,
    1.0983132190059316e+22,
    1.0983132190059316e+22,
    1.0983132190059316e+22,
    1.0983132190059316e+22,
    1.0983132190059316e+22,
    1.0983132190059316e+22,
    1.0983132190059316e+22,
    1.0983132190059316e+22,
    1.0983132190059316e+22,
    1.0983132190059316e+22,
    1.0983132190059316e+22,
    1.0983132190059316e+22,
    1.0983132190059316e+22,
    1.0983132190059316e+22,
    0.0,
    1.0983132190059316e+22,
    1.0983132190059316e+22,
    1.0983132190059316e+22,
    1.0983132190059316e+22,
    1.0983132190059316e+22,
    1.0983132190059316e+22,
    1.0983132190059316e+22,
    1.0983132190059316e+22,
    1.0983132190059316e+22,
    1.0983132190059316e+22,
    1.0983132190059316e+22,
    1.0983132190059316e+22,
    1.0983132190059316e+22,
    1.0983132190059316e+22,
    1.0983132190059316e+22,
    1.0983132190059316e+22,
    1.0983132190059316e+22,
    1.0983132190059316e+22,
    1.0983132190059316e+22,
    1.0983132190059316e+22,
    0.0,
    1.0983132190059316e+22,
    1.0983132190059316e+22,
    1.0983132190059316e+22,
    0.0,
    1.0983132190059316e+22,
    1.0983132190059316e+22,
    1.0983132190059316e+22,
    1.0983132190059316e+22,
    1.0983132190059316e+22,
    0.0,
    1.0983132190059316e+22,
    1.0983132190059316e+22,
    1.0983132190059316e+22,
    1.0983132190059316e+22,
    1.0983132190059316e+22,
    1.0983132190059316e+22,
    1.0983132190059316e+22,
    0.0,
    1.0983132190059316e+22,
    1.0983132190059316e+22,
    1.0983132190059316e+22,
    1.0983132190059316e+22,
    0.0,
    1.0983132190059316e+22,
    0.0,
    0.0,
    1.0983132190059316e+22,
    1.0983132190059316e+22,
    1.0983132190059316e+22,
    1.0983132190059316e+22,
    1.0983132190059316e+22,
    1.0983132190059316e+22,
    0.0,
    1.0983132190059316e+22,
    1.0983132190059316e+22,
    0.0,
    1.0983132190059316e+22,
    1.0983132190059316e+22,
    1.0983132190059316e+22,
    1.0983132190059316e+22,
    1.0983132190059316e+22,
    1.0983132190059316e+22,
    1.0983132190059316e+22,
    1.0983132190059316e+22,
    1.0983132190059316e+22,
    1.0983132190059316e+22,
    1.0983132190059316e+22,
    1.0983132190059316e+22,
    1.0983132190059316e+22,
    1.0983132190059316e+22,
    1.0983132190059316e+22,
    1.0983132190059316e+22,
    1.0983132190059316e+22,
    1.0983132190059316e+22,
    1.0983132190059316e+22,
    1.0983132190059316e+22,
    1.0983132190059316e+22,
    1.0983132190059316e+22,
    1.0983132190059316e+22,
    1.0983132190059316e+22,
    1.0983132190059316e+22,
    0.0,
    1.0983132190059316e+22,
    1.0983132190059316e+22,
    0.0,
    1.0983132190059316e+22,
    1.0983132190059316e+22,
    1.0983132190059316e+22,
    1.0983132190059316e+22,
    1.0983132190059316e+22,
    1.0983132190059316e+22,
    1.0983132190059316e+22,
    1.0983132190059316e+22,
    1.0983132190059316e+22,
    1.0983132190059316e+22,
    1.0983132190059316e+22,
    1.0983132190059316e+22,
    1.0983132190059316e+22,
    1.0983132190059316e+22,
    1.0983132190059316e+22,
    0.0,
    0.0,
    0.0,
    1.0983132190059316e+22,
    1.0983132190059316e+22,
    1.0983132190059316e+22,
    1.0983132190059316e+22,
    1.0983132190059316e+22,
    1.0983132190059316e+22,
    1.0983132190059316e+22,
    1.0983132190059316e+22,
    1.0983132190059316e+22,
    1.0983132190059316e+22,
    0.0,
    1.0983132190059316e+22,
    1.0983132190059316e+22,
    1.0983132190059316e+22,
    1.0983132190059316e+22,
    0.0,
    1.0983132190059316e+22,
    1.0983132190059316e+22,
    1.0983132190059316e+22,
    1.0983132190059316e+22,
    1.0983132190059316e+22,
    1.0983132190059316e+22,
    1.0983132190059316e+22,
    1.0983132190059316e+22,
    1.0983132190059316e+22,
    1.0983132190059316e+22,
    1.0983132190059316e+22,
    1.0983132190059316e+22,
    1.0983132190059316e+22,
    1.0983132190059316e+22,
    1.0983132190059316e+22,
    1.0983132190059316e+22,
    0.0,
    1.0983132190059316e+22,
    1.0983132190059316e+22,
    1.0983132190059316e+22,
    1.0983132190059316e+22,
    1.0983132190059316e+22,
    1.0983132190059316e+22,
    1.0983132190059316e+22,
    1.0983132190059316e+22,
    1.0983132190059316e+22,
    1.0983132190059316e+22,
    1.0983132190059316e+22,
    1.0983132190059316e+22,
    1.0983132190059316e+22,
    1.0983132190059316e+22,
    1.0983132190059316e+22,
    1.0983132190059316e+22,
    1.0983132190059316e+22,
    1.0983132190059316e+22,
    1.0983132190059316e+22,
    1.0983132190059316e+22,
    1.0983132190059316e+22,
    0.0,
    0.0,
    1.0983132190059316e+22,
    1.0983132190059316e+22,
    1.0983132190059316e+22,
    1.0983132190059316e+22,
    1.0983132190059316e+22,
    1.0983132190059316e+22,
    1.0983132190059316e+22,
    1.0983132190059316e+22,
    1.0983132190059316e+22,
    1.0983132190059316e+22,
    1.0983132190059316e+22,
    1.0983132190059316e+22,
    1.0983132190059316e+22,
    1.0983132190059316e+22,
    1.0983132190059316e+22,
    1.0983132190059316e+22,
    1.0983132190059316e+22,
    1.0983132190059316e+22,
    1.0983132190059316e+22,
    1.0983132190059316e+22,
    1.0983132190059316e+22,
    1.0983132190059316e+22,
    1.0983132190059316e+22,
    0.0,
    1.0983132190059316e+22,
    1.0983132190059316e+22,
    0.0,
    1.0983132190059316e+22,
    1.0983132190059316e+22,
    1.0983132190059316e+22,
    0.0,
    1.0983132190059316e+22,
    1.0983132190059316e+22,
    1.0983132190059316e+22,
    0.0,
    1.0983132190059316e+22,
    1.0983132190059316e+22,
    1.0983132190059316e+22,
    1.0983132190059316e+22,
    1.0983132190059316e+22,
    1.0983132190059316e+22,
    1.0983132190059316e+22,
    1.0983132190059316e+22,
    1.0983132190059316e+22,
    0.0,
    1.0983132190059316e+22,
    1.0983132190059316e+22,
    1.0983132190059316e+22,
    1.0983132190059316e+22,
    1.0983132190059316e+22,
    1.0983132190059316e+22,
    1.0983132190059316e+22,
    1.0983132190059316e+22,
    1.0983132190059316e+22,
    0.0,
    0.0,
    1.0983132190059316e+22,
    1.0983132190059316e+22,
    1.0983132190059316e+22,
    1.0983132190059316e+22,
    1.0983132190059316e+22,
    1.0983132190059316e+22,
    1.0983132190059316e+22,
    1.0983132190059316e+22,
    1.0983132190059316e+22,
    1.0983132190059316e+22,
    1.0983132190059316e+22,
    1.0983132190059316e+22,
    1.0983132190059316e+22,
    1.0983132190059316e+22,
    0.0,
    1.0983132190059316e+22,
    1.0983132190059316e+22,
    1.0983132190059316e+22,
    1.0983132190059316e+22,
    1.0983132190059316e+22,
    1.0983132190059316e+22,
    1.0983132190059316e+22,
