{
  "LB": 727.0,
  "UB": 4.5174450631876337e+23,
  "gap_pct": 6.2138171433117374e+22,
  "x_LB": [
    [
      0,
      0
    ],
    [
      1,
      7
    ],
    [
      2,
      3
    ],
    [
      3,
      1
    ],
    [
      4,
      9
    ],
    [
      5,
      5
    ],
    [
      6,
      4
    ],
    [
      7,
      8
    ],
    [
      8,
      2
    ],
    [
      9,
      6
    ]
  ],
  "x_star_final": [
    [
      0,
      0
    ],
    [
      1,
      7
    ],
    [
      2,
      3
    ],
    [
      3,
      1
    ],
    [
      4,
      2
    ],
    [
      5,
      5
    ],
    [
      6,
      4
    ],
    [
      7,
      8
    ],
    [
      8,
      9
    ],
    [
      9,
      6
    ]
  ],
  "iterations": 100,
  "lambdas_final": [
    3.0554829997143134e+21,
    3.0554829997143134e+21,
    3.0554829997143134e+21,
    3.0554829997143134e+21,
    3.0554829997143134e+21,
    3.0554829997143134e+21,
    3.0554829997143134e+21,
    3.0554829997143134e+21,
    3.0554829997143134e+21,
    3.0554829997143134e+21,
    0.0,
    3.0554829997143134e+21,
    3.0554829997143134e+21,
    3.0554829997143134e+21,
    0.0,
    3.0554829997143134e+21,
    3.0554829997143134e+21,
    3.0554829997143134e+21,
    3.0554829997143134e+21,
    3.0554829997143134e+21,
    3.0554829997143134e+21,
    3.0554829997143134e+21,
    3.0554829997143134e+21,
    3.0554829997143134e+21,
    3.0554829997143134e+21,
    3.0554829997143134e+21,
    3.0554829997143134e+21,
    3.0554829997143134e+21,
    3.0554829997143134e+21,
    3.0554829997143134e+21,
    3.0554829997143134e+21,
    0.0,
    0.0,
    3.0554829997143134e+21,
    0.0,
    3.0554829997143134e+21,
    0.0,
    0.0,
    3.0554829997143134e+21,
    3.0554829997143134e+21,
    3.0554829997143134e+21,
    3.0554829997143134e+21,
    3.0554829997143134e+21,
    3.0554829997143134e+21,
    3.0554829997143134e+21,
    3.0554829997143134e+21,
    3.0554829997143134e+21,
    3.0554829997143134e+21,
    3.0554829997143134e+21,
    0.0,
    0.0,
    0.0,
    3.0554829997143134e+21,
    3.0554829997143134e+21,
    3.0554829997143134e+21,
    3.0554829997143134e+21,
    3.0554829997143134e+21,
    3.0554829997143134e+21,
    3.0554829997143134e+21,
    3.0554829997143134e+21,
    3.0554829997143134e+21,
    3.0554829997143134e+21,
    3.0554829997143134e+21,
    3.0554829997143134e+21,
    3.0554829997143134e+21,
    3.0554829997143134e+21,
    0.0,
    3.0554829997143134e+21,
    3.0554829997143134e+21,
    3.0554829997143134e+21,
    3.0554829997143134e+21,
    0.0,
    3.0554829997143134e+21,
    3.0554829997143134e+21,
    3.0554829997143134e+21,
    3.0554829997143134e+21,
    0.0,
    3.0554829997143134e+21,
    3.0554829997143134e+21,
    3.0554829997143134e+21,
    3.0554829997143134e+21,
    3.0554829997143134e+21,
    3.0554829997143134e+21,
    3.0554829997143134e+21,
    3.0554829997143134e+21,
    3.0554829997143134e+21,
    3.0554829997143134e+21,
    3.0554829997143134e+21,
    3.0554829997143134e+21,
    3.0554829997143134e+21,
    3.0554829997143134e+21,
    3.0554829997143134e+21,
    3.0554829997143134e+21,
    3.0554829997143134e+21,
    3.0554829997143134e+21,
    3.0554829997143134e+21,
    3.0554829997143134e+21,
    3.0554829997143134e+21,
    0.0,
    3.0554829997143134e+21,
    3.0554829997143134e+21,
    3.0554829997143134e+21,
    3.0554829997143134e+21,
    0.0,
    3.0554829997143134e+21,
    0.0,
    0.0,
    3.0554829997143134e+21,
    3.0554829997143134e+21,
    3.0554829997143134e+21,
    3.0554829997143134e+21,
    0.0,
    3.0554829997143134e+21,
    3.0554829997143134e+21,
    3.0554829997143134e+21,
    3.0554829997143134e+21,
    3.0554829997143134e+21,
    3.0554829997143134e+21,
    3.0554829997143134e+21,
    3.0554829997143134e+21,
    3.0554829997143134e+21,
    0.0,
    3.0554829997143134e+21,
    3.0554829997143134e+21,
    3.0554829997143134e+21,
    3.0554829997143134e+21,
    3.0554829997143134e+21,
    3.0554829997143134e+21,
    3.0554829997143134e+21,
    3.0554829997143134e+21,
    3.0554829997143134e+21,
    3.0554829997143134e+21,
    3.0554829997143134e+21,
    0.0,
    3.0554829997143134e+21,
    3.0554829997143134e+21,
    3.0554829997143134e+21,
    3.0554829997143134e+21,
    3.0554829997143134e+21,
    0.0,
    3.0554829997143134e+21,
    3.0554829997143134e+21,
    3.0554829997143134e+21,
    3.0554829997143134e+21,
    3.0554829997143134e+21,
    0.0,
    3.0554829997143134e+21,
    3.0554829997143134e+21,
    3.0554829997143134e+21,
    3.0554829997143134e+21,
    3.0554829997143134e+21,
    0.0,
    3.0554829997143134e+21,
    3.0554829997143134e+21,
    3.0554829997143134e+21,
    3.0554829997143134e+21,
    0.0,
    3.0554829997143134e+21,
    3.0554829997143134e+21,
    0.0,
    0.0,
    3.0554829997143134e+21,
    3.0554829997143134e+21,
    3.0554829997143134e+21,
    3.0554829997143134e+21,
    3.0554829997143134e+21,
    3.0554829997143134e+21,
    0.0,
    3.0554829997143134e+21,
    3.0554829997143134e+21,
    3.0554829997143134e+21,
    3.0554829997143134e+21,
    3.0554829997143134e+21,
    0.0,
    3.0554829997143134e+21,
    3.0554829997143134e+21,
    0.0,
    3.0554829997143134e+21,
    0.0,
    3.0554829997143134e+21,
    3.0554829997143134e+21,
    3.0554829997143134e+21,
    3.0554829997143134e+21,
    3.0554829997143134e+21,
    3.0554829997143134e+21,
    3.0554829997143134e+21,
    3.0554829997143134e+21,
    3.0554829997143134e+21,
    0.0,
    3.0554829997143134e+21,
    0.0,
    3.0554829997143134e+21,
    3.0554829997143134e+21,
    3.0554829997143134e+21,
    0.0,
    0.0,
    3.0554829997143134e+21,
    3.0554829997143134e+21,
    3.0554829997143134e+21,
    3.0554829997143134e+21
  ],
  "runtime_seconds": 0.014055013656616211,
  "terminated_reason": "iteration_limit"
}