{
  "LB": 769.0,
  "UB": 776.250000011235,
  "gap_pct": 0.9427828363114418,
  "x_LB": [
    [
      0,
      2
    ],
    [
      1,
      4
    ],
    [
      2,
      0
    ],
    [
      3,
      5
    ],
    [
      4,
      8
    ],
    [
      5,
      3
    ],
    [
      6,
      9
    ],
    [
      7,
      6
    ],
    [
      8,
      7
    ],
    [
      9,
      1
    ]
  ],
  "x_star_final": [
    [
      0,
      1
    ],
    [
      1,
      4
    ],
    [
      2,
      7
    ],
    [
      3,
      5
    ],
    [
      4,
      8
    ],
    [
      5,
      3
    ],
    [
      6,
      9
    ],
    [
      7,
      6
    ],
    [
      8,
      2
    ],
    [
      9,
      0
    ]
  ],
  "iterations": 500,
  "lambdas_final": [
    0.0,
    0.0,
    0.0,
    0.0,
    0.0,
    0.0,
    0.0,
    0.0,
    10.688844366530317,
    0.0,
    0.0,
    0.0,
    0.0,
    0.0,
    0.5000000104651666,
    0.0,
    0.0,
    0.0,
    0.0,
    0.0,
    0.0,
    0.0,
    0.0,
    0.0,
    0.0,
    0.0,
    0.0,
    0.0,
    0.0,
    0.0,
    0.0,
    0.0,
    0.0,
    0.0,
    0.0,
    0.0,
    0.0,
    0.0,
    0.0,
    0.0,
    0.0,
    0.0,
    0.0,
    0.0,
    0.0,
    7.25000000132353,
    0.0,
    0.0,
    0.0,
    0.0,
    19.7499999955102,
    0.0,
    0.0,
    0.0,
    0.0,
    0.0,
    0.0,
    0.0,
    0.0,
    0.0,
    0.0,
    0.0,
    0.0,
    0.0,
    0.0,
    0.0,
    0.0,
    0.0,
    0.0,
    0.0,
    0.0,
    0.0,
    0.0,
    0.0,
    0.0,
    0.0,
    0.0,
    0.0,
    0.0,
    0.0
  ],
  "runtime_seconds": 0.030127525329589844,
  "terminated_reason": "iteration_limit"
}