{
  "LB": 819.0,
  "UB": 826.6236146639646,
  "gap_pct": 0.9308442813143645,
  "x_LB": [
    [
      0,
      3
    ],
    [
      1,
      2
    ],
    [
      2,
      0
    ],
    [
      3,
      7
    ],
    [
      4,
      4
    ],
    [
      5,
      9
    ],
    [
      6,
      1
    ],
    [
      7,
      5
    ],
    [
      8,
      6
    ],
    [
      9,
      8
    ]
  ],
  "x_star_final": [
    [
      0,
      3
    ],
    [
      1,
      2
    ],
    [
      2,
      0
    ],
    [
      3,
      7
    ],
    [
      4,
      4
    ],
    [
      5,
      9
    ],
    [
      6,
      1
    ],
    [
      7,
      5
    ],
    [
      8,
      6
    ],
    [
      9,
      8
    ]
  ],
  "iterations": 500,
  "lambdas_final": [
    0.0,
    0.0,
    0.0,
    0.0,
    0.0,
    0.0,
    0.0,
    0.0,
    0.0,
    0.0,
    0.0,
    0.0,
    0.0,
    0.0,
    0.0,
    7.62361463723504,
    0.0,
    30.476386054360912,
    0.0,
    0.0,
    0.0,
    0.0,
    0.0,
    0.0,
    0.0,
    0.0,
    0.0,
    0.0,
    0.0,
    0.0,
    0.0,
    0.0,
    0.0,
    0.0,
    0.0,
    0.0,
    0.0,
    0.0,
    0.0,
    0.0
  ],
  "runtime_seconds": 0.011471986770629883,
  "terminated_reason": "iteration_limit"
}