{
  "LB": 0.0,
  "UB": 1.1156382220112208e+24,
  "gap_pct": 1.1156382220112207e+36,
  "x_LB": [
    [
      0,
      1
    ],
    [
      1,
      5
    ],
    [
      2,
      6
    ],
    [
      3,
      0
    ],
    [
      4,
      9
    ],
    [
      5,
      4
    ],
    [
      6,
      7
    ],
    [
      7,
      2
    ],
    [
      8,
      8
    ],
    [
      9,
      3
    ]
  ],
  "x_star_final": [
    [
      0,
      3
    ],
    [
      1,
      2
    ],
    [
      2,
      5
    ],
    [
      3,
      7
    ],
    [
      4,
      4
    ],
    [
      5,
      9
    ],
    [
      6,
      1
    ],
    [
      7,
      0
    ],
    [
      8,
      6
    ],
    [
      9,
      8
    ]
  ],
  "iterations": 100,
  "lambdas_final": [
    3.480509999341729e+22,
    3.480509999341729e+22,
    3.480509999341729e+22,
    0.0,
    3.480509999341729e+22,
    0.0,
    3.480509999341729e+22,
    3.480509999341729e+22,
    3.480509999341729e+22,
    3.480509999341729e+22,
    3.480509999341729e+22,
    3.480509999341729e+22,
    3.480509999341729e+22,
    0.0,
    3.480509999341729e+22,
    3.480509999341729e+22,
    3.480509999341729e+22,
    0.0,
    3.480509999341729e+22,
    3.480509999341729e+22,
    3.480509999341729e+22,
    3.480509999341729e+22,
    3.480509999341729e+22,
    3.480509999341729e+22,
    3.480509999341729e+22,
    3.480509999341729e+22,
    3.480509999341729e+22,
    3.480509999341729e+22,
    0.0,
    3.480509999341729e+22,
    0.0,
    3.480509999341729e+22,
    3.480509999341729e+22,
    3.480509999341729e+22,
    3.480509999341729e+22,
    3.480509999341729e+22,
    3.480509999341729e+22,
    3.480509999341729e+22,
    3.480509999341729e+22,
    3.480509999341729e+22
  ],
  "runtime_seconds": 0.011089563369750977,
  "terminated_reason": "iteration_limit"
}