{
  "LB": 866.0,
  "UB": 866.0,
  "gap_pct": 0.0,
  "x_LB": [
    [
      0,
      6
    ],
    [
      1,
      0
    ],
    [
      2,
      8
    ],
    [
      3,
      7
    ],
    [
      4,
      2
    ],
    [
      5,
      9
    ],
    [
      6,
      4
    ],
    [
      7,
      1
    ],
    [
      8,
      5
    ],
    [
      9,
      3
    ]
  ],
  "x_star_final": [
    [
      0,
      6
    ],
    [
      1,
      0
    ],
    [
      2,
      8
    ],
    [
      3,
      7
    ],
    [
      4,
      2
    ],
    [
      5,
      9
    ],
    [
      6,
      4
    ],
    [
      7,
      1
    ],
    [
      8,
      5
    ],
    [
      9,
      3
    ]
  ],
  "iterations": 53,
  "lambdas_final": [
    0.0,
    0.0,
    0.0,
    0.0,
    0.0,
    0.0,
    0.0,
    0.0,
    0.0,
    0.0,
    0.0,
    0.0,
    0.0,
    0.0,
    0.0,
    0.0,
    0.0,
    0.0,
    0.0,
    0.0,
    0.0,
    0.0,
    0.0,
    0.0,
    0.0,
    0.0,
    0.0,
    0.0,
    0.0,
    0.0,
    0.0,
    0.0,
    0.0,
    0.0,
    0.0,
    0.0,
    0.0,
    0.0,
    0.0,
    0.0,
    0.0,
    0.0,
    0.0,
    0.0,
    0.0,
    9.94361972374191,
    0.0,
    0.0,
    0.0,
    0.0,
    0.0,
    0.0,
    0.0,
    0.0,
    0.0,
    0.0,
    0.0,
    0.0,
    0.0,
    0.0,
    0.0,
    0.0,
    0.0,
    0.0,
    0.0,
    0.0,
    0.0,
    0.0,
    0.0,
    0.0,
    0.0,
    0.0,
    0.0,
    0.0,
    0.0,
    0.0,
    0.0,
    0.0,
    0.0,
    0.0
  ],
  "runtime_seconds": 0.0010976791381835938,
  "terminated_reason": "complementary_slackness"
}