{
  "LB": 0.0,
  "UB": 2.0811513923833366e+24,
  "gap_pct": 2.0811513923833366e+36,
  "x_LB": [
    [
      0,
      5
    ],
    [
      1,
      9
    ],
    [
      2,
      3
    ],
    [
      3,
      4
    ],
    [
      4,
      6
    ],
    [
      5,
      7
    ],
    [
      6,
      2
    ],
    [
      7,
      8
    ],
    [
      8,
      1
    ],
    [
      9,
      0
    ]
  ],
  "x_star_final": [
    [
      0,
      6
    ],
    [
      1,
      0
    ],
    [
      2,
      9
    ],
    [
      3,
      7
    ],
    [
      4,
      2
    ],
    [
      5,
      8
    ],
    [
      6,
      4
    ],
    [
      7,
      1
    ],
    [
      8,
      5
    ],
    [
      9,
      3
    ]
  ],
  "iterations": 100,
  "lambdas_final": [
    1.3810109548222757e+22,
    1.3810109548222757e+22,
    1.3810109548222757e+22,
    0.0,
    1.3810109548222757e+22,
    0.0,
    1.3810109548222757e+22,
    1.3810109548222757e+22,
    1.3810109548222757e+22,
    1.3810109548222757e+22,
    1.3810109548222757e+22,
    0.0,
    1.3810109548222757e+22,
    0.0,
    1.3810109548222757e+22,
    1.3810109548222757e+22,
    1.3810109548222757e+22,
    1.3810109548222757e+22,
    1.3810109548222757e+22,
    1.3810109548222757e+22,
    1.3810109548222757e+22,
    1.3810109548222757e+22,
    1.3810109548222757e+22,
    1.3810109548222757e+22,
    1.3810109548222757e+22,
    1.3810109548222757e+22,
    1.3810109548222757e+22,
    1.3810109548222757e+22,
    1.3810109548222757e+22,
    0.0,
    1.3810109548222757e+22,
    1.3810109548222757e+22,
    1.3810109548222757e+22,
    1.3810109548222757e+22,
    1.3810109548222757e+22,
    1.3810109548222757e+22,
    1.3810109548222757e+22,
    1.3810109548222757e+22,
    1.3810109548222757e+22,
    1.3810109548222757e+22,
    1.3810109548222757e+22,
    1.3810109548222757e+22,
    1.3810109548222757e+22,
    0.0,
    1.3810109548222757e+22,
    0.0,
    0.0,
    1.3810109548222757e+22,
    1.3810109548222757e+22,
    1.3810109548222757e+22,
    1.3810109548222757e+22,
    1.3810109548222757e+22,
    1.3810109548222757e+22,
    1.3810109548222757e+22,
    1.3810109548222757e+22,
    1.3810109548222757e+22,
    1.3810109548222757e+22,
    0.0,
    1.3810109548222757e+22,
    1.3810109548222757e+22,
    1.3810109548222757e+22,
    1.3810109548222757e+22,
    0.0,
    1.3810109548222757e+22,
    1.3810109548222757e+22,
    1.3810109548222757e+22,
    1.3810109548222757e+22,
    1.3810109548222757e+22,
    1.3810109548222757e+22,
    1.3810109548222757e+22,
    1.3810109548222757e+22,
    0.0,
    1.3810109548222757e+22,
    1.3810109548222757e+22,
    1.3810109548222757e+22,
    1.3810109548222757e+22,
    1.3810109548222757e+22,
    1.3810109548222757e+22,
    1.3810109548222757e+22,
    0.0,
    0.0,
    1.3810109548222757e+22,
    1.3810109548222757e+22,
    1.3810109548222757e+22,
    1.3810109548222757e+22,
    0.0,
    1.3810109548222757e+22,
    1.3810109548222757e+22,
    0.0,
    1.3810109548222757e+22,
    1.3810109548222757e+22,
    0.0,
    1.3810109548222757e+22,
    1.3810109548222757e+22,
    1.3810109548222757e+22,
    1.3810109548222757e+22,
    1.3810109548222757e+22,
    1.3810109548222757e+22,
    1.3810109548222757e+22,
    1.3810109548222757e+22,
    1.3810109548222757e+22,
    1.3810109548222757e+22,
    0.0,
    1.3810109548222757e+22,
    0.0,
    0.0,
    1.3810109548222757e+22,
    1.3810109548222757e+22,
    1.3810109548222757e+22,
    0.0,
    1.3810109548222757e+22,
    1.3810109548222757e+22,
    1.3810109548222757e+22,
    1.3810109548222757e+22,
    0.0,
    1.3810109548222757e+22,
    1.3810109548222757e+22,
    0.0,
    0.0,
    1.3810109548222757e+22,
    0.0,
    1.3810109548222757e+22,
    1.3810109548222757e+22,
    1.3810109548222757e+22,
    0.0,
    0.0,
    1.3810109548222757e+22,
    0.0,
    0.0,
    1.3810109548222757e+22,
    0.0,
    0.0,
    1.3810109548222757e+22,
    1.3810109548222757e+22,
    1.3810109548222757e+22,
    1.3810109548222757e+22,
    1.3810109548222757e+22,
    1.3810109548222757e+22,
    1.3810109548222757e+22,
    1.3810109548222757e+22,
    1.3810109548222757e+22,
    1.3810109548222757e+22,
    1.3810109548222757e+22,
    1.3810109548222757e+22,
    1.3810109548222757e+22,
    1.3810109548222757e+22,
    1.3810109548222757e+22,
    1.3810109548222757e+22,
    1.3810109548222757e+22,
    1.3810109548222757e+22,
    0.0,
    0.0,
    1.3810109548222757e+22,
    1.3810109548222757e+22,
    0.0,
    1.3810109548222757e+22,
    1.3810109548222757e+22,
    1.3810109548222757e+22,
    1.3810109548222757e+22,
    1.3810109548222757e+22,
    0.0,
    1.3810109548222757e+22,
    1.3810109548222757e+22,
    1.3810109548222757e+22,
    1.3810109548222757e+22,
    0.0,
    1.3810109548222757e+22,
    1.3810109548222757e+22,
    1.3810109548222757e+22,
    1.3810109548222757e+22,
    0.0,
    1.3810109548222757e+22,
    1.3810109548222757e+22,
    1.3810109548222757e+22,
    1.3810109548222757e+22,
    1.3810109548222757e+22,
    1.3810109548222757e+22,
    0.0,
    1.3810109548222757e+22,
    1.3810109548222757e+22,
    1.3810109548222757e+22,
    1.3810109548222757e+22,
    0.0,
    0.0,
    1.3810109548222757e+22,
    1.3810109548222757e+22,
    1.3810109548222757e+22,
    0.0,
    1.3810109548222757e+22,
    1.3810109548222757e+22,
    1.3810109548222757e+22,
    1.3810109548222757e+22,
    1.3810109548222757e+22,
    1.3810109548222757e+22,
    1.3810109548222757e+22,
    1.3810109548222757e+22,
    1.3810109548222757e+22,
    1.3810109548222757e+22,
    1.3810109548222757e+22,
    1.3810109548222757e+22
  ],
  "runtime_seconds": 0.015257596969604492,
  "terminated_reason": "iteration_limit"
}